Date,Open,High,Low,Last,Close,Total Trade Quantity,Turnover (Lacs)
2010-01-04,82.9,83.8,82.45,82.8,82.8,19904383.0,16526.18
2010-01-05,83.5,84.9,83.4,84.0,84.1,34197626.0,28820.01
2010-01-06,84.5,85.45,83.2,84.7,84.85,34704003.0,29360.29
2010-01-07,85.2,85.7,83.85,84.15,84.15,28855332.0,24461.35
2010-01-08,84.0,87.5,84.0,86.6,86.6,49805151.0,43006.54
2010-01-11,87.5,90.95,87.5,90.95,90.45,58093725.0,52041.06
2010-01-12,91.5,91.5,87.95,88.6,88.5,45771138.0,41039.62
2010-01-13,87.5,89.15,86.2,89.1,88.7,33541001.0,29364.43
2010-01-14,89.6,90.9,87.75,88.6,88.25,26570975.0,23767.97
2010-01-15,88.4,89.95,88.2,88.8,88.65,18120439.0,16135.89
2010-01-18,88.0,88.7,86.85,87.75,87.75,26663930.0,23383.5
2010-01-19,88.1,88.1,85.1,85.2,85.4,26340864.0,22819.33
2010-01-20,86.2,86.45,82.45,82.9,82.9,30927501.0,25943.69
2010-01-21,82.5,84.15,80.5,80.75,80.85,37757457.0,31029.36
2010-01-22,79.55,80.6,77.05,79.4,79.35,43956817.0,34744.81
2010-01-25,77.0,79.2,76.7,76.9,77.15,23243504.0,18095.33
2010-01-27,78.5,78.5,70.05,70.1,70.75,60519040.0,44106.11
2010-01-28,74.9,74.9,71.1,72.5,72.45,46387277.0,33664.93
2010-01-29,71.5,75.6,69.9,74.35,74.3,60122265.0,43514.99
2010-02-01,74.3,78.45,73.5,76.2,76.0,65996604.0,50595.82
2010-02-02,77.9,77.9,71.6,72.75,72.55,53031822.0,39712.16
2010-02-03,73.5,75.5,72.85,74.5,74.6,36542378.0,27133.98
2010-02-04,73.8,74.25,70.75,71.45,71.2,36342513.0,26363.49
2010-02-05,69.5,70.25,67.6,68.9,68.95,43389362.0,29882.95
2010-02-06,69.0,71.3,69.0,70.85,70.85,5374235.0,3790.48
2010-02-08,70.9,72.6,69.4,71.55,71.45,38074270.0,27107.0
2010-02-09,71.05,71.75,70.0,71.05,71.05,39625852.0,28094.86
2010-02-10,71.65,73.9,71.15,72.05,72.1,46988542.0,34139.34
2010-02-11,72.5,75.6,72.5,74.75,74.8,41062270.0,30616.87
2010-02-15,75.0,76.0,73.1,75.3,75.3,38801826.0,29005.35
2010-02-16,74.7,75.9,73.9,75.4,75.1,20866162.0,15597.9
2010-02-17,75.4,76.45,74.1,74.8,74.6,22278503.0,16762.11
2010-02-18,74.95,75.0,70.55,70.65,71.05,54213895.0,39070.08
2010-02-19,70.0,70.5,68.05,70.3,70.2,55722303.0,38644.48
2010-02-22,72.0,72.25,68.1,68.25,68.5,40337265.0,28215.8
2010-02-23,68.5,69.7,67.25,69.5,69.25,28285097.0,19489.28
2010-02-24,68.9,71.2,67.95,70.95,70.9,32214549.0,22559.03
2010-02-25,71.0,71.75,69.4,70.5,70.4,39644773.0,28014.62
2010-02-26,70.5,74.25,70.15,71.75,71.95,85057794.0,61749.98
2010-03-02,71.0,74.65,70.8,74.6,74.05,64497622.0,46623.7
2010-03-03,71.5,76.55,71.5,75.75,76.05,35660449.0,26879.89
2010-03-04,76.0,79.0,75.25,78.75,78.5,45445790.0,35158.33
2010-03-05,78.75,79.7,76.9,77.45,77.65,48940428.0,38307.85
2010-03-08,78.2,79.7,75.35,75.75,75.65,41230658.0,31783.4
2010-03-09,75.0,76.9,74.35,74.85,75.1,40735716.0,30783.81
2010-03-10,74.8,75.85,73.6,75.25,74.7,37850871.0,28257.47
2010-03-11,79.8,79.8,73.8,74.65,74.4,36102450.0,27005.72
2010-03-12,75.1,75.35,73.5,74.35,74.25,22673099.0,16854.73
2010-03-15,74.25,74.9,73.15,74.25,74.2,22359316.0,16546.43
2010-03-16,74.2,75.2,73.9,75.1,75.0,17916804.0,13361.56
2010-03-17,75.25,76.1,73.2,73.5,73.5,37321511.0,27825.08
2010-03-18,73.7,74.8,72.65,73.4,73.65,44221122.0,32614.88
2010-03-19,73.8,74.35,73.0,73.65,73.85,26376685.0,19409.89
2010-03-22,72.75,72.75,70.75,71.5,71.45,26587042.0,19065.47
2010-03-23,72.0,72.45,71.0,71.8,71.9,23592640.0,16943.77
2010-03-25,71.7,72.6,71.1,72.0,71.95,21517992.0,15479.06
2010-03-26,72.0,72.5,70.75,71.35,71.25,24355394.0,17403.43
2010-03-29,74.5,74.5,71.3,72.5,72.4,17965530.0,12994.98
2010-03-30,73.0,73.9,72.45,72.65,72.75,19183438.0,14056.47
2010-03-31,73.0,73.9,72.3,73.8,73.6,20834707.0,15285.69
2010-04-01,74.1,75.2,73.55,74.9,74.95,19179098.0,14309.4
2010-04-05,75.05,76.9,75.05,76.75,76.45,23456130.0,17864.8
2010-04-06,78.0,78.0,76.1,76.3,76.6,22937861.0,17610.3
2010-04-07,76.4,77.55,75.2,76.95,76.55,29596575.0,22653.81
2010-04-08,76.0,78.1,76.0,76.55,76.65,27060839.0,20826.05
2010-04-09,76.2,77.2,75.65,75.9,75.9,24033676.0,18292.04
2010-04-12,76.1,78.65,76.05,78.15,78.1,30413511.0,23589.4
2010-04-13,78.5,78.5,76.8,77.8,77.5,12986228.0,10076.67
2010-04-15,78.35,81.8,78.0,80.3,80.25,58834983.0,47466.84
2010-04-16,80.45,82.0,78.25,80.95,81.05,35599075.0,28403.1
2010-04-19,79.5,80.9,78.45,79.95,79.95,41402150.0,33071.43
2010-04-20,80.3,83.9,78.85,83.65,83.55,65805287.0,54096.53
2010-04-21,84.0,87.05,84.0,85.2,85.5,82324595.0,70611.22
2010-04-22,85.25,85.5,83.7,83.85,84.0,39981200.0,33834.76
2010-04-23,84.6,85.85,84.0,85.1,85.25,25816672.0,21923.17
2010-04-26,85.8,86.45,83.6,84.3,84.15,19791230.0,16789.21
2010-04-27,84.0,84.75,82.4,82.8,82.8,28739509.0,23960.48
2010-04-28,82.3,82.3,78.65,79.55,79.5,39231994.0,31486.68
2010-04-29,79.95,83.4,79.8,82.95,82.85,32338566.0,26448.48
2010-04-30,85.0,85.45,83.4,85.35,85.0,26939572.0,22750.8
2010-05-03,83.9,84.8,82.4,83.15,82.95,17106813.0,14249.01
2010-05-04,83.1,83.8,79.65,80.0,80.1,19650644.0,16017.36
2010-05-05,78.0,79.0,76.6,78.3,77.7,42721319.0,33165.14
2010-05-06,79.0,79.0,75.15,77.4,77.3,25982086.0,20008.0
2010-05-07,76.7,76.7,71.3,73.4,73.3,36042648.0,26518.46
2010-05-10,77.2,79.75,74.15,79.55,79.35,30745044.0,23674.66
2010-05-11,77.0,79.9,76.4,76.55,76.95,26403963.0,20483.16
2010-05-12,76.5,78.85,75.6,77.5,77.6,26334331.0,20441.26
2010-05-13,78.2,81.1,78.2,79.6,79.6,33098421.0,26418.89
2010-05-14,79.0,79.25,75.8,76.2,76.45,19197078.0,14900.73
2010-05-17,75.5,77.35,73.15,76.5,76.85,24049070.0,18054.14
2010-05-18,76.7,77.35,75.05,76.1,76.25,18528473.0,14122.38
2010-05-19,75.25,75.25,70.4,71.05,71.35,47763326.0,34637.6
2010-05-20,72.0,72.85,69.55,70.4,70.2,43003544.0,30474.69
2010-05-21,68.3,69.9,62.25,68.75,69.0,50585529.0,34608.57
2010-05-24,70.5,71.9,67.2,67.5,67.55,36330148.0,25039.16
2010-05-25,67.0,67.9,65.05,65.85,66.05,41987429.0,27861.3
2010-05-26,66.65,69.45,66.65,68.8,68.75,29259750.0,19972.38
2010-05-27,68.95,71.85,67.8,71.65,71.45,38255104.0,26767.24
2010-05-28,72.8,74.5,72.25,73.25,73.5,32594373.0,23936.0
2010-05-31,73.5,74.0,70.9,72.7,72.6,23405572.0,16837.45
2010-06-01,71.9,71.9,68.7,68.8,69.0,36442444.0,25553.7
2010-06-02,69.0,71.3,68.0,71.15,70.95,31274901.0,21814.57
2010-06-03,71.5,72.85,71.25,71.35,71.65,16319045.0,11747.83
2010-06-04,71.65,72.4,70.7,71.0,71.25,23806517.0,17020.13
2010-06-07,69.0,70.2,68.15,69.55,69.4,22282487.0,15449.61
2010-06-08,69.2,69.9,67.1,67.6,67.45,28265349.0,19329.25
2010-06-09,67.4,69.5,66.8,69.2,69.05,23249462.0,15952.09
2010-06-10,69.25,71.0,68.1,70.7,70.7,20743264.0,14429.43
2010-06-11,70.7,72.0,68.0,68.1,68.25,38725205.0,26809.26
2010-06-14,68.8,69.25,67.2,68.5,68.7,31634162.0,21557.04
2010-06-15,69.0,71.0,68.2,70.8,70.6,37765686.0,26249.3
2010-06-16,71.0,71.7,69.1,69.9,70.35,29408559.0,20770.63
2010-06-17,70.9,70.9,69.05,70.15,70.2,26404245.0,18495.19
2010-06-18,70.1,71.2,69.65,70.45,70.6,31549866.0,22250.58
2010-06-21,71.25,73.95,71.25,73.35,73.45,35750957.0,26038.12
2010-06-22,73.65,75.8,72.6,74.25,74.25,40921291.0,30413.07
2010-06-23,73.6,76.5,73.2,76.45,76.0,28417383.0,21332.73
2010-06-24,75.9,76.9,73.95,74.55,74.35,27190565.0,20454.78
2010-06-25,73.5,75.4,73.1,73.3,73.45,16353479.0,12141.16
2010-06-28,73.95,75.2,73.1,74.75,74.8,11962035.0,8884.19
2010-06-29,74.9,75.35,72.5,72.8,73.05,18925370.0,13974.5
2010-06-30,72.5,74.7,70.2,74.55,74.35,19636487.0,14420.89
2010-07-01,73.8,73.8,72.2,72.75,72.7,14589319.0,10612.92
2010-07-02,73.1,73.65,72.3,72.5,72.6,10572915.0,7725.06
2010-07-05,72.6,73.15,72.0,72.3,72.4,5961880.0,4327.24
2010-07-06,72.5,74.1,72.1,73.8,73.9,9473282.0,6955.06
2010-07-07,73.55,74.4,72.15,72.7,72.65,14434318.0,10552.06
2010-07-08,73.7,75.0,73.55,74.4,74.65,18564229.0,13850.47
2010-07-09,74.9,76.35,74.8,75.3,75.55,15245334.0,11514.21
2010-07-12,75.5,78.75,75.5,78.45,78.5,29992925.0,23338.43
2010-07-13,78.75,84.3,77.7,83.25,83.25,49240902.0,40015.7
2010-07-14,83.75,85.3,82.85,83.25,83.35,49012892.0,41169.61
2010-07-15,82.9,83.45,81.1,81.85,81.75,26667050.0,21916.35
2010-07-16,82.0,83.65,81.7,82.6,82.45,18791452.0,15559.78
2010-07-19,80.0,82.4,79.5,81.55,81.6,12994329.0,10624.71
2010-07-20,81.8,84.6,81.8,83.3,83.6,27761798.0,23245.62
2010-07-21,84.6,84.65,83.1,84.35,84.35,17337496.0,14562.76
2010-07-22,84.0,86.25,82.8,85.85,85.85,22511949.0,19035.2
2010-07-23,85.75,87.8,83.85,84.1,84.2,23665779.0,20099.38
2010-07-26,84.8,85.6,83.35,84.2,84.35,30806259.0,26000.28
2010-07-27,83.9,85.5,82.55,84.45,84.6,34104905.0,28655.04
2010-07-28,85.0,85.35,82.1,82.5,82.3,18166579.0,15152.31
2010-07-29,82.15,83.6,82.15,83.1,83.0,13474636.0,11193.92
2010-07-30,82.75,82.95,80.9,81.15,81.15,16158301.0,13210.71
2010-08-02,81.35,83.2,81.35,82.6,82.6,9108678.0,7524.13
2010-08-03,82.95,83.8,81.9,82.25,82.45,13469069.0,11155.19
2010-08-04,82.55,83.2,81.5,82.05,82.15,11897011.0,9785.37
2010-08-05,82.4,85.4,82.4,84.75,84.5,26903875.0,22669.74
2010-08-06,84.5,86.9,84.4,85.3,85.0,29470875.0,25295.95
2010-08-09,85.0,90.9,84.9,90.55,90.5,44844414.0,39870.67
2010-08-10,91.0,91.0,87.55,89.15,89.1,35896688.0,31987.66
2010-08-11,89.0,90.6,85.85,86.4,86.15,34218917.0,30091.15
2010-08-12,86.0,86.9,84.1,86.1,86.15,43862272.0,37502.09
2010-08-13,86.25,89.4,86.1,87.8,88.1,28392041.0,25013.53
2010-08-16,88.0,89.75,85.7,86.1,86.25,24804504.0,21611.38
2010-08-17,86.3,87.15,84.85,85.5,85.2,18847112.0,16160.42
2010-08-18,86.0,86.05,83.9,85.1,84.95,17179934.0,14592.55
2010-08-19,84.5,84.7,82.5,83.7,83.75,21726031.0,18117.01
2010-08-20,83.5,85.85,82.65,85.15,85.1,26982598.0,22798.67
2010-08-23,85.5,86.7,84.45,86.15,86.1,15747313.0,13516.97
2010-08-24,86.1,86.4,82.7,83.6,83.55,14829355.0,12471.49
2010-08-25,83.9,83.9,79.95,80.35,80.35,24567183.0,19924.97
2010-08-26,80.9,81.4,79.0,79.55,79.4,23883886.0,19136.69
2010-08-27,79.9,80.55,76.8,77.1,77.05,28571228.0,22507.72
2010-08-30,78.15,78.95,76.9,78.5,78.15,18384458.0,14362.84
2010-08-31,78.5,78.5,76.25,77.8,77.55,20891679.0,16126.95
2010-09-01,78.05,80.6,77.9,80.6,80.2,17541516.0,13895.21
2010-09-02,81.0,81.25,78.2,78.8,78.7,24536626.0,19563.89
2010-09-03,79.1,81.7,79.05,81.2,81.2,27207426.0,22018.79
2010-09-06,81.5,83.9,81.5,83.45,83.55,18058177.0,14986.85
2010-09-07,83.7,83.7,81.1,81.75,81.7,12440550.0,10201.15
2010-09-08,81.65,82.7,81.0,82.15,82.0,10258380.0,8410.68
2010-09-09,82.9,83.0,81.3,82.15,82.05,11067002.0,9092.7
2010-09-13,83.0,85.3,82.35,84.85,84.9,21444861.0,17993.38
2010-09-14,85.15,86.05,83.75,84.4,85.0,21513382.0,18229.39
2010-09-15,84.5,86.5,84.4,86.0,86.1,19704739.0,16906.8
2010-09-16,85.7,88.8,84.65,87.25,87.2,32327878.0,28147.52
2010-09-17,90.0,90.0,87.45,87.85,87.95,22863680.0,20183.37
2010-09-20,88.0,88.9,86.75,88.1,88.1,22271345.0,19616.27
2010-09-21,88.8,89.0,85.0,85.8,86.05,19754479.0,17133.03
2010-09-22,86.05,86.85,83.35,84.9,84.95,22285762.0,18938.38
2010-09-23,85.45,85.45,82.35,82.65,82.7,22516141.0,18773.75
2010-09-24,82.5,85.8,77.0,85.3,85.55,29344353.0,24678.92
2010-09-27,87.0,88.6,85.45,86.9,87.0,29219008.0,25447.35
2010-09-28,87.0,88.1,85.95,86.75,86.6,34982853.0,30336.25
2010-09-29,86.7,88.7,86.7,87.5,87.8,30533287.0,26824.66
2010-09-30,88.0,88.75,86.65,88.2,88.3,22952548.0,20140.91
2010-10-01,88.0,94.9,88.0,94.25,94.3,52570573.0,48774.45
2010-10-04,95.5,96.4,93.3,93.6,93.7,23422069.0,22223.52
2010-10-05,93.8,95.0,93.0,93.3,93.4,26056012.0,24446.64
2010-10-06,95.0,97.95,93.85,97.5,97.55,39393568.0,37802.1
2010-10-07,97.0,98.4,92.5,93.7,93.95,32005475.0,30753.06
2010-10-08,95.4,95.4,92.0,93.95,93.6,20019283.0,18731.99
2010-10-11,94.55,101.0,94.15,94.7,94.85,15785589.0,15010.41
2010-10-12,95.2,95.5,91.6,92.45,92.5,16654545.0,15444.43
2010-10-13,92.8,95.35,92.55,94.85,94.9,22817801.0,21487.77
2010-10-14,95.45,97.5,93.75,94.3,94.3,34560797.0,33048.99
2010-10-15,94.3,96.75,93.8,94.45,94.3,23886320.0,22774.63
2010-10-18,95.5,95.5,92.5,94.5,94.7,28709175.0,26973.3
2010-10-19,95.5,96.0,91.0,91.2,91.75,19306618.0,18091.56
2010-10-20,88.2,91.75,87.25,88.0,88.05,27672925.0,24726.75
2010-10-21,88.95,91.3,88.5,90.85,90.85,19233633.0,17303.88
2010-10-22,91.65,91.65,88.2,88.5,88.6,18891532.0,16875.92
2010-10-25,89.2,90.6,89.1,89.9,89.75,20352999.0,18282.04
2010-10-26,90.0,90.55,89.3,89.55,89.7,17750030.0,15957.22
2010-10-27,89.95,90.3,88.0,88.65,88.5,8517348.0,7568.6
2010-10-28,89.0,89.3,85.2,86.75,85.95,18815909.0,16355.18
2010-10-29,86.8,87.5,84.55,87.1,86.8,14176544.0,12231.77
2010-11-01,89.0,89.7,87.75,89.2,89.25,11278869.0,10017.7
2010-11-02,89.3,89.5,85.2,86.25,86.25,20544903.0,17806.12
2010-11-03,87.1,88.8,86.65,88.5,88.55,16173466.0,14254.12
2010-11-04,88.7,90.75,88.7,90.1,90.15,11114598.0,10008.0
2010-11-05,91.0,91.0,89.6,89.6,90.1,1556603.0,1404.56
2010-11-08,88.85,90.75,88.8,90.4,90.2,11208115.0,10045.95
2010-11-09,90.3,91.95,89.85,91.55,91.35,15128727.0,13778.21
2010-11-10,91.35,91.5,89.25,89.8,89.8,11899984.0,10745.81
2010-11-11,90.0,90.1,86.1,86.65,86.4,12370826.0,10858.01
2010-11-12,85.8,85.95,81.0,81.2,81.45,27737138.0,23079.29
2010-11-15,82.0,82.2,77.6,79.5,79.45,29744641.0,23563.52
2010-11-16,79.0,79.8,73.9,74.05,74.35,33314804.0,25482.64
2010-11-18,74.5,75.35,66.6,71.2,71.25,58250633.0,40803.68
2010-11-19,66.0,70.6,66.0,67.6,67.9,29435777.0,20198.15
2010-11-22,68.0,70.0,66.85,69.75,69.7,24240543.0,16628.03
2010-11-23,68.9,69.0,65.1,66.65,66.75,27491952.0,18398.7
2010-11-24,66.2,68.8,65.25,66.4,67.1,27158286.0,18369.16
2010-11-25,66.9,67.6,62.25,63.2,62.95,31494763.0,20129.7
2010-11-26,62.5,63.5,46.15,60.5,59.9,77232913.0,44626.55
2010-11-29,53.0,62.4,53.0,60.65,61.2,44069252.0,26199.79
2010-11-30,59.5,63.9,57.35,63.3,63.4,41713762.0,25690.0
2010-12-01,63.4,65.6,62.35,64.5,64.7,34272777.0,22040.49
2010-12-02,65.6,66.45,64.65,65.95,65.65,19952697.0,13087.47
2010-12-03,65.45,65.8,63.25,64.55,64.1,21019754.0,13517.36
2010-12-06,64.15,65.4,62.5,62.75,63.15,12671568.0,8135.33
2010-12-07,63.0,67.0,62.0,66.9,66.1,28010376.0,18083.95
2010-12-08,66.0,66.85,63.65,64.85,65.05,34078739.0,22211.94
2010-12-09,65.0,65.05,59.65,61.55,60.95,31323562.0,19609.38
2010-12-10,61.0,63.5,59.6,63.1,63.15,24797666.0,15489.41
2010-12-13,63.5,63.8,61.5,63.1,63.1,17918647.0,11261.09
2010-12-14,63.0,64.0,60.3,62.8,63.35,17728046.0,11129.28
2010-12-15,63.45,63.45,61.0,61.85,62.0,21377896.0,13306.51
2010-12-16,61.5,63.1,61.4,62.4,62.65,14097576.0,8810.24
2010-12-20,63.0,63.3,61.65,61.7,61.95,8397870.0,5247.32
2010-12-21,62.25,63.8,62.05,63.45,63.4,11550340.0,7299.33
2010-12-22,64.0,65.1,62.75,63.05,63.15,11754686.0,7512.45
2010-12-23,63.15,63.95,62.55,63.15,62.95,7649157.0,4838.83
2010-12-24,62.95,63.65,61.9,63.3,63.05,13345975.0,8363.75
2010-12-27,63.2,63.9,61.4,61.85,61.8,10162310.0,6352.81
2010-12-28,62.0,63.5,61.6,63.05,63.05,10667236.0,6717.09
2010-12-29,63.2,63.8,62.85,63.6,63.55,5689266.0,3611.27
2010-12-30,62.1,65.1,62.1,64.7,64.8,15955362.0,10258.11
2010-12-31,64.7,66.6,64.3,66.05,66.3,11605676.0,7622.38
2011-01-03,66.4,67.5,65.35,66.6,66.6,11289392.0,7524.41
2011-01-04,67.1,68.0,65.25,65.6,65.6,16154798.0,10776.7
2011-01-05,65.8,66.8,64.35,64.9,64.85,10078025.0,6592.61
2011-01-06,65.5,65.65,61.25,61.7,61.6,19222350.0,12079.39
2011-01-07,62.3,62.9,61.05,61.3,61.4,18793031.0,11653.9
2011-01-10,62.0,62.5,58.8,58.95,59.3,15819006.0,9597.69
2011-01-11,59.8,59.8,54.4,55.9,55.35,33379321.0,18845.57
2011-01-12,55.9,59.4,54.15,59.05,58.95,34780934.0,19600.96
2011-01-13,59.0,61.65,57.65,59.75,59.8,29595979.0,17563.89
2011-01-14,59.9,60.9,56.85,57.1,57.45,23376520.0,13801.53
2011-01-17,57.5,58.8,55.55,57.3,56.9,15374074.0,8805.34
2011-01-18,57.0,58.15,55.55,57.7,57.6,16562579.0,9420.45
2011-01-19,57.5,59.5,56.2,59.1,59.05,21494771.0,12512.95
2011-01-20,58.45,59.1,56.95,58.1,57.9,18733225.0,10858.66
2011-01-21,58.3,58.95,56.65,57.25,57.15,14506586.0,8375.63
2011-01-24,57.5,58.2,56.75,57.7,57.9,9855895.0,5677.4
2011-01-25,58.0,58.6,55.75,56.05,55.95,17868983.0,10201.89
2011-01-27,56.5,57.0,52.9,53.25,53.3,20179351.0,10988.31
2011-01-28,53.1,53.45,48.6,51.5,51.05,36008618.0,18292.7
2011-01-31,50.6,50.95,46.9,48.0,48.05,36059168.0,17599.66
2011-02-01,49.0,49.0,42.35,43.3,43.05,94742290.0,42347.76
2011-02-02,44.3,47.05,44.0,45.05,45.15,64628479.0,29231.41
2011-02-03,45.0,46.75,44.3,46.65,46.45,39168203.0,17954.85
2011-02-04,46.3,46.3,42.6,43.1,43.1,43649612.0,19278.78
2011-02-07,43.4,46.0,43.4,44.4,44.25,22190723.0,9876.26
2011-02-08,45.0,45.0,40.65,41.1,41.1,39069505.0,16452.62
2011-02-09,41.0,41.0,36.7,38.1,37.7,56923177.0,21896.65
2011-02-10,35.2,37.5,32.3,35.5,36.0,84833591.0,29553.09
2011-02-11,36.0,36.0,33.55,34.6,34.85,63722122.0,21992.8
2011-02-14,34.9,37.4,34.55,36.5,36.25,47295886.0,17186.14
2011-02-15,35.2,36.8,34.1,34.9,34.95,88162470.0,31141.09
2011-02-16,34.85,38.65,33.1,38.2,38.2,105452040.0,38839.34
2011-02-17,38.1,38.6,36.6,36.65,36.75,66108014.0,24734.09
2011-02-18,36.5,37.2,33.8,34.2,34.15,63415226.0,22505.84
2011-02-21,35.0,35.65,33.8,35.05,35.25,41252303.0,14351.57
2011-02-22,34.8,35.65,34.35,35.0,35.0,33256943.0,11620.45
2011-02-23,34.8,36.7,34.4,35.3,35.2,37855966.0,13520.85
2011-02-24,35.6,35.75,34.0,34.5,34.2,31109851.0,10787.94
2011-02-25,34.6,35.25,30.7,33.65,33.3,49799644.0,16482.09
2011-02-28,33.85,35.2,33.35,33.75,33.85,45116908.0,15417.77
2011-03-01,34.25,35.3,33.85,35.25,35.0,35010968.0,12116.19
2011-03-03,34.85,35.85,34.3,35.1,35.1,35027435.0,12317.74
2011-03-04,35.5,36.9,35.0,36.55,36.5,45329611.0,16347.37
2011-03-07,36.0,36.05,34.6,35.3,35.45,30128710.0,10645.18
2011-03-08,35.8,36.45,35.25,36.15,36.2,20367063.0,7338.84
2011-03-09,38.0,38.0,36.25,37.25,37.55,31436178.0,11649.81
2011-03-10,37.55,38.25,36.65,38.1,38.1,26648884.0,9972.82
2011-03-11,38.0,39.15,37.15,37.45,37.7,47214713.0,17925.94
2011-03-14,37.1,38.35,37.0,38.2,38.15,23654130.0,8960.45
2011-03-15,37.0,37.8,35.1,36.75,36.9,26229123.0,9692.91
2011-03-16,37.25,38.8,37.0,38.3,38.35,32400935.0,12365.9
2011-03-17,37.8,38.35,37.55,37.9,37.9,20863888.0,7920.64
2011-03-18,38.4,38.4,36.9,37.0,37.05,18165667.0,6794.42
2011-03-21,37.5,37.5,35.95,36.1,36.1,17327899.0,6329.12
2011-03-22,36.25,36.8,36.1,36.45,36.45,15121984.0,5524.37
2011-03-23,36.45,37.1,35.9,36.95,36.95,18229675.0,6671.84
2011-03-24,37.3,40.75,37.25,40.25,40.55,78192309.0,30930.98
2011-03-25,41.0,41.3,39.5,39.95,40.3,42136506.0,17018.48
2011-03-28,40.0,40.5,38.75,39.25,39.25,23887095.0,9451.84
2011-03-29,39.0,40.9,38.55,39.2,39.0,41610183.0,16504.91
2011-03-30,39.1,41.4,39.0,41.0,41.0,34282164.0,13827.72
2011-03-31,41.5,41.95,39.95,40.4,40.4,37365794.0,15175.45
2011-04-01,40.5,42.15,40.3,42.0,41.95,30735775.0,12723.23
2011-04-04,40.0,41.85,35.1,41.3,41.25,37024950.0,15218.17
2011-04-05,41.3,42.95,41.15,42.4,42.65,33613962.0,14163.1
2011-04-06,42.3,45.75,42.3,45.05,45.35,58552000.0,25959.31
2011-04-07,45.75,48.85,44.5,47.75,47.75,69225493.0,33078.27
2011-04-08,47.8,48.3,45.85,46.5,46.5,33199950.0,15595.04
2011-04-11,46.0,46.5,44.65,44.9,44.85,27656992.0,12550.98
2011-04-13,44.5,45.7,43.65,45.35,45.35,31318303.0,14068.01
2011-04-15,45.1,45.65,43.85,43.9,44.2,25281767.0,11287.43
2011-04-18,44.25,45.1,42.45,42.55,42.85,23581435.0,10350.97
2011-04-19,42.4,43.3,41.85,42.95,42.85,29013854.0,12358.49
2011-04-20,42.8,43.9,39.4,40.5,40.45,64050337.0,26254.98
2011-04-21,41.1,41.9,40.35,41.3,41.3,25741565.0,10611.04
2011-04-25,41.0,41.45,40.05,40.7,40.7,15800253.0,6459.74
2011-04-26,40.95,42.45,40.7,41.25,41.3,28372520.0,11794.16
2011-04-27,41.5,41.7,40.15,40.45,40.45,15149256.0,6190.36
2011-04-28,40.45,40.5,37.0,37.5,37.25,62949975.0,23825.95
2011-04-29,38.5,38.5,36.55,36.95,36.95,29961711.0,11172.01
2011-05-02,37.85,38.5,36.7,37.9,38.15,32833464.0,12408.61
2011-05-03,38.1,38.3,36.0,36.15,36.15,31110799.0,11503.93
2011-05-04,35.1,37.45,35.0,36.4,36.45,25173863.0,9188.48
2011-05-05,36.4,37.15,35.05,35.15,35.25,22385596.0,8047.39
2011-05-06,35.8,36.5,35.05,36.0,36.05,16948054.0,6075.0
2011-05-09,35.95,36.35,34.8,35.15,35.05,17991104.0,6358.22
2011-05-10,35.3,36.5,35.05,35.85,35.85,17712301.0,6329.75
2011-05-11,35.7,36.6,35.7,36.4,36.4,12148435.0,4401.86
2011-05-12,36.1,36.7,35.85,36.1,36.15,12351159.0,4475.83
2011-05-13,36.4,37.3,36.0,36.7,36.8,13902947.0,5110.33
2011-05-16,37.0,37.0,35.9,35.9,36.05,9998855.0,3626.47
2011-05-17,36.05,36.45,35.55,35.9,35.95,9368117.0,3364.9
2011-05-18,36.0,36.4,35.4,35.75,35.7,9467178.0,3392.84
2011-05-19,36.35,36.35,33.7,34.25,34.1,14572438.0,5056.14
2011-05-20,34.2,34.5,33.4,34.0,33.85,27374124.0,9304.75
2011-05-23,33.6,33.7,31.7,31.8,31.9,22575485.0,7339.75
2011-05-24,32.4,37.6,30.6,31.6,31.55,41116566.0,12959.41
2011-05-25,31.5,32.05,30.8,31.6,31.75,19447115.0,6145.81
2011-05-26,31.85,32.05,31.15,31.95,31.75,18375961.0,5812.52
2011-05-27,31.9,33.4,30.3,33.1,33.05,20002438.0,6515.9
2011-05-30,33.1,34.8,32.6,34.4,34.55,26350397.0,8949.36
2011-05-31,34.6,35.55,34.35,35.35,35.45,21104413.0,7410.03
2011-06-01,35.55,35.9,34.75,35.4,35.45,18132261.0,6409.58
2011-06-02,35.25,36.2,34.05,34.6,34.7,23912006.0,8370.49
2011-06-03,34.7,35.65,33.9,34.3,34.15,19729604.0,6835.43
2011-06-06,33.9,34.3,33.15,33.55,33.7,18423970.0,6211.8
2011-06-07,34.0,35.5,33.4,34.05,34.05,20339026.0,6927.45
2011-06-08,33.9,34.5,33.2,33.75,33.6,17404749.0,5890.67
2011-06-09,33.5,34.15,33.3,33.75,33.75,14976316.0,5055.19
2011-06-10,33.95,34.0,33.25,33.5,33.5,12764475.0,4282.67
2011-06-13,33.5,33.85,33.1,33.6,33.65,9799759.0,3284.96
2011-06-14,33.8,34.45,33.7,34.2,34.2,13388412.0,4573.1
2011-06-15,34.2,34.95,33.45,34.5,34.65,25129522.0,8585.68
2011-06-16,34.65,34.7,33.8,34.1,34.2,17356182.0,5934.65
2011-06-17,34.2,34.35,33.5,33.55,33.75,9872812.0,3346.57
2011-06-20,33.9,33.95,31.9,32.15,32.35,15769075.0,5157.56
2011-06-21,32.6,32.8,30.8,31.05,31.0,18587616.0,5901.4
2011-06-22,31.4,31.6,29.4,29.85,29.85,27936029.0,8453.74
2011-06-23,29.55,30.2,28.0,29.2,29.25,39045782.0,11320.24
2011-06-24,29.05,30.5,28.8,30.05,30.25,34215936.0,10226.92
2011-06-27,30.2,30.5,29.2,30.35,30.3,17943527.0,5403.09
2011-06-28,30.4,31.2,29.8,30.85,30.95,20767740.0,6356.81
2011-06-29,31.0,31.4,30.0,31.15,31.1,19550979.0,6045.01
2011-06-30,31.0,32.2,30.85,32.15,31.95,21654655.0,6828.91
2011-07-01,32.2,33.0,32.0,32.6,32.65,18888455.0,6157.36
2011-07-04,32.9,33.8,32.8,33.7,33.65,17130880.0,5726.0
2011-07-05,33.9,33.9,32.9,33.15,33.15,11498501.0,3816.19
2011-07-06,33.25,34.5,32.95,34.3,34.35,27948956.0,9497.44
2011-07-07,34.3,35.15,34.0,35.1,35.05,17241623.0,5991.79
2011-07-08,34.75,37.0,34.75,36.35,36.55,50467622.0,18263.88
2011-07-11,36.2,36.6,34.3,34.35,34.4,27810056.0,9770.15
2011-07-12,34.4,34.4,32.95,33.05,33.15,22509568.0,7519.99
2011-07-13,33.5,33.9,32.15,32.75,32.45,35253859.0,11591.98
2011-07-14,32.5,34.35,32.45,34.0,33.95,36666501.0,12320.6
2011-07-15,35.25,35.25,33.55,34.05,33.95,26961109.0,9204.08
2011-07-18,34.9,34.9,34.05,34.65,34.6,17488705.0,6029.83
2011-07-19,34.5,35.7,34.05,35.55,35.6,30567317.0,10701.88
2011-07-20,35.7,36.25,35.45,36.05,36.05,33202358.0,11929.62
2011-07-21,36.1,36.1,35.05,35.35,35.35,13143961.0,4668.55
2011-07-22,35.5,36.0,34.9,35.55,35.6,10748422.0,3825.85
2011-07-25,35.4,36.6,35.1,35.95,35.9,19375041.0,6962.86
2011-07-26,36.1,36.2,34.2,34.3,34.45,22005315.0,7689.78
2011-07-27,34.4,34.85,33.75,34.2,34.15,15547987.0,5303.9
2011-07-28,33.85,33.95,32.2,32.3,32.55,16432771.0,5451.1
2011-07-29,32.5,32.85,30.25,30.75,30.55,34546661.0,10885.13
2011-08-01,31.2,32.05,30.6,31.6,31.5,22603135.0,7105.97
2011-08-02,31.0,32.1,30.6,30.85,30.85,20685838.0,6386.66
2011-08-03,30.25,30.95,29.85,30.8,30.75,17246887.0,5248.5
2011-08-04,30.75,31.9,30.45,30.65,30.65,19824437.0,6163.9
2011-08-05,29.5,29.9,27.5,29.6,29.4,29193975.0,8502.71
2011-08-08,29.0,29.3,28.0,28.3,28.35,26196092.0,7490.25
2011-08-09,27.9,29.1,27.15,28.3,28.1,35098906.0,9859.68
2011-08-10,29.0,29.75,28.9,29.7,29.4,24828739.0,7287.37
2011-08-11,29.1,29.75,28.9,29.55,29.3,16114124.0,4723.47
2011-08-12,29.55,29.85,28.85,29.0,29.1,15749998.0,4613.04
2011-08-16,29.1,29.8,27.55,27.9,27.75,25583126.0,7300.11
2011-08-17,28.0,28.0,26.5,27.9,27.6,22777806.0,6189.4
2011-08-18,27.3,28.1,26.7,27.0,27.0,21252343.0,5811.4
2011-08-19,27.0,27.0,25.7,26.65,26.6,24043388.0,6327.1
2011-08-22,26.5,26.95,25.9,26.75,26.7,25296240.0,6705.22
2011-08-23,26.95,27.0,26.15,26.5,26.45,19634038.0,5218.06
2011-08-24,29.85,29.85,26.0,26.1,26.3,14559334.0,3860.33
2011-08-25,26.5,26.7,25.85,26.45,26.35,20960051.0,5498.71
2011-08-26,26.55,26.6,25.0,25.0,25.15,18014925.0,4614.11
2011-08-29,25.9,28.5,25.45,26.65,26.6,48523239.0,13091.89
2011-08-30,27.3,27.9,26.6,27.7,27.6,32950654.0,9022.7
2011-09-02,27.8,28.45,26.7,26.85,26.85,44035658.0,12068.93
2011-09-05,26.75,27.4,26.25,26.7,26.8,40721157.0,10962.64
2011-09-06,26.8,27.35,26.1,26.6,26.5,46361316.0,12290.51
2011-09-07,26.8,28.7,26.6,28.6,28.45,44356684.0,12296.48
2011-09-08,28.9,29.25,28.05,29.05,29.0,36668515.0,10564.12
2011-09-09,29.0,29.2,28.1,28.15,28.3,21789918.0,6234.32
2011-09-12,27.8,27.8,26.8,26.8,26.95,17748641.0,4823.79
2011-09-13,27.2,27.9,26.25,26.6,26.55,22417997.0,6082.57
2011-09-14,26.5,27.0,26.15,26.7,26.55,20254034.0,5371.23
2011-09-15,25.35,28.1,25.35,28.05,27.9,30445086.0,8370.92
2011-09-16,28.25,28.5,27.2,28.15,28.1,36904428.0,10273.59
2011-09-19,28.05,29.15,27.55,28.3,28.4,26313024.0,7439.12
2011-09-20,28.35,28.85,28.1,28.6,28.6,18249009.0,5195.49
2011-09-21,28.75,29.75,28.5,29.3,29.45,32084797.0,9337.9
2011-09-22,29.45,29.45,27.65,27.85,27.8,29423756.0,8288.08
2011-09-23,27.5,28.0,26.85,27.35,27.35,21466247.0,5871.32
2011-09-26,27.5,27.5,26.3,26.6,26.6,19504799.0,5225.57
2011-09-27,25.3,28.0,25.3,27.9,27.85,16766789.0,4620.51
2011-09-28,27.8,28.0,26.85,27.0,27.1,18852961.0,5148.8
2011-09-29,26.5,27.3,26.5,26.85,27.0,20043486.0,5407.04
2011-09-30,26.8,27.1,26.05,26.1,26.2,19386098.0,5141.7
2011-10-03,26.2,26.35,25.15,25.4,25.4,18173119.0,4622.71
2011-10-04,25.65,26.3,24.8,25.2,25.15,21568593.0,5497.29
2011-10-05,25.45,25.9,25.0,25.05,25.15,15492418.0,3928.36
2011-10-07,25.65,26.35,25.55,25.7,25.9,13712673.0,3562.95
2011-10-10,26.0,26.95,25.7,26.85,26.8,14563519.0,3853.38
2011-10-11,27.0,27.5,26.5,26.7,26.7,16821521.0,4548.93
2011-10-12,26.8,27.95,26.75,27.75,27.75,20727811.0,5652.0
2011-10-13,27.9,28.25,27.3,27.55,27.55,16990126.0,4709.46
2011-10-14,27.8,27.8,27.15,27.35,27.35,13040477.0,3573.64
2011-10-17,27.5,27.7,27.05,27.25,27.2,8864057.0,2421.77
2011-10-18,27.0,27.0,26.2,26.55,26.45,9385490.0,2482.81
2011-10-19,26.9,29.15,26.6,27.5,27.55,10255577.0,2795.91
2011-10-20,27.15,27.2,26.35,27.0,26.95,11924544.0,3198.4
2011-10-21,26.95,27.3,26.55,26.6,26.7,9683783.0,2605.31
2011-10-24,26.45,27.3,26.4,26.85,26.9,11373893.0,3077.95
2011-10-25,26.65,28.3,26.4,28.15,27.85,16481232.0,4476.32
2011-10-26,27.0,28.25,27.0,27.85,27.9,3250011.0,908.62
2011-10-28,28.6,29.2,28.3,28.95,29.05,14670642.0,4223.93
2011-10-31,29.3,30.2,28.5,29.8,29.95,23947974.0,7094.31
2011-11-01,29.95,30.9,29.2,29.65,29.6,35257099.0,10576.21
2011-11-02,29.4,30.0,29.0,29.2,29.3,20967028.0,6191.23
2011-11-03,29.35,29.85,28.4,29.1,29.1,30192749.0,8796.64
2011-11-04,29.5,29.9,28.65,28.85,28.75,22990034.0,6722.34
2011-11-08,29.0,29.15,28.25,29.0,28.95,15477362.0,4451.67
2011-11-09,29.0,29.45,28.1,28.15,28.4,20217718.0,5849.1
2011-11-11,28.3,28.3,26.95,27.3,27.3,16467516.0,4519.58
2011-11-14,27.8,27.95,25.35,25.45,25.7,15370372.0,4104.16
2011-11-15,25.2,25.7,23.8,24.3,24.2,17733114.0,4411.12
2011-11-16,24.2,25.1,23.9,25.0,24.65,19158654.0,4693.08
2011-11-17,25.0,25.2,23.05,23.15,23.15,20072974.0,4841.04
2011-11-18,24.0,24.0,22.0,22.85,22.85,26064885.0,5874.86
2011-11-21,22.15,22.9,22.05,22.3,22.3,13018007.0,2934.03
2011-11-22,22.5,23.0,22.1,22.25,22.25,14189879.0,3199.66
2011-11-23,22.25,24.6,22.0,23.25,23.3,45801377.0,10735.67
2011-11-24,23.3,24.2,22.4,24.0,24.05,28380097.0,6630.07
2011-11-25,23.9,24.15,22.9,23.1,23.1,17554988.0,4138.07
2011-11-28,23.65,24.3,23.35,24.05,24.1,15160953.0,3632.35
2011-11-29,24.0,24.35,23.05,23.2,23.25,16581304.0,3915.7
2011-11-30,23.1,23.4,22.55,23.05,23.0,17800657.0,4083.41
2011-12-01,23.9,24.0,23.2,23.95,23.95,15340285.0,3641.81
2011-12-02,23.9,24.3,23.65,24.3,24.2,19339910.0,4644.57
2011-12-05,24.05,24.55,23.95,24.4,24.3,12730901.0,3085.16
2011-12-07,24.2,24.7,24.0,24.05,24.2,14212951.0,3463.06
2011-12-08,24.1,24.15,22.75,22.9,22.9,20867368.0,4850.81
2011-12-09,22.7,22.7,21.75,22.15,22.1,23225290.0,5138.01
2011-12-12,22.3,24.0,21.6,21.85,21.7,14366936.0,3154.19
2011-12-13,21.5,22.15,21.25,22.1,21.9,15805373.0,3448.58
2011-12-14,22.0,22.2,21.35,21.5,21.6,10461718.0,2284.46
2011-12-15,21.35,21.45,20.55,21.3,21.15,13577723.0,2851.76
2011-12-16,21.5,21.5,19.2,19.3,19.55,18260926.0,3735.51
2011-12-19,19.65,19.65,18.3,18.85,18.9,15496863.0,2909.88
2011-12-20,19.0,19.15,17.45,17.5,17.65,21607827.0,3877.51
2011-12-21,18.25,19.2,17.55,19.15,18.5,16796160.0,3043.17
2011-12-22,18.25,19.6,18.05,19.5,19.45,19211018.0,3604.13
2011-12-23,19.6,20.1,19.3,19.85,19.85,17068566.0,3364.73
2011-12-26,19.9,20.55,19.7,20.5,20.4,9522198.0,1926.26
2011-12-27,20.55,20.75,19.65,20.0,19.95,15299557.0,3077.25
2011-12-28,19.75,19.9,19.0,19.25,19.4,16757106.0,3255.61
2011-12-29,20.0,20.0,18.9,19.55,19.4,11244062.0,2168.81
2011-12-30,19.6,20.05,19.0,19.2,19.35,11032576.0,2154.79
2012-01-02,19.05,19.65,18.5,19.35,19.25,12648942.0,2408.2
2012-01-03,19.5,20.15,19.35,20.0,19.95,18547749.0,3667.23
2012-01-04,20.5,20.5,19.6,19.9,20.05,16109255.0,3217.25
2012-01-05,20.05,20.05,19.5,19.8,19.85,9968525.0,1977.58
2012-01-06,19.8,20.4,19.35,20.15,20.1,13894990.0,2759.0
2012-01-07,20.15,20.35,19.5,20.25,20.15,2040614.0,410.04
2012-01-09,20.1,21.45,19.7,21.3,21.2,18460686.0,3800.15
2012-01-10,21.5,22.85,21.2,22.75,22.7,18393046.0,4079.18
2012-01-11,23.15,24.15,22.45,23.65,23.9,27172174.0,6361.22
2012-01-12,23.8,24.65,23.4,23.85,23.85,22749758.0,5442.49
2012-01-13,23.9,25.0,23.85,24.6,24.4,24644983.0,6041.11
2012-01-16,23.25,24.7,22.4,24.3,24.3,15320952.0,3718.33
2012-01-17,24.5,25.95,24.5,25.7,25.85,22585428.0,5752.63
2012-01-18,25.95,26.95,25.25,26.85,26.75,32578821.0,8518.74
2012-01-19,22.0,27.75,22.0,26.8,26.85,22959868.0,6189.98
2012-01-20,27.75,27.9,26.6,27.3,27.3,17979196.0,4883.64
2012-01-23,26.4,27.7,26.4,27.25,27.3,13228209.0,3613.26
2012-01-24,27.3,28.55,26.9,27.9,28.15,25941727.0,7246.45
2012-01-25,28.05,28.4,27.2,27.45,27.35,32365612.0,8948.11
2012-01-27,27.7,27.85,26.4,26.6,26.6,19588740.0,5275.21
2012-01-30,27.0,27.0,25.1,25.1,25.5,14078411.0,3651.45
2012-01-31,26.0,26.3,25.5,25.85,26.05,28088250.0,7307.09
2012-02-01,26.05,27.2,25.6,27.05,26.95,19355460.0,5094.89
2012-02-02,27.15,27.5,23.1,25.0,25.1,72484271.0,18216.31
2012-02-03,24.7,26.2,23.5,25.8,26.0,38315403.0,9761.32
2012-02-06,27.4,29.8,26.3,29.45,29.45,75329006.0,21604.27
2012-02-07,29.5,29.95,28.2,28.3,28.45,37875310.0,10963.4
2012-02-08,28.0,29.25,27.55,28.7,28.5,28569411.0,8199.62
2012-02-09,28.4,30.65,28.2,29.65,29.85,43643353.0,12952.56
2012-02-10,30.0,30.25,28.85,29.25,29.4,22346326.0,6596.91
2012-02-13,29.55,29.9,28.6,29.45,29.55,17078412.0,4999.52
2012-02-14,29.25,30.3,29.25,29.7,29.75,23461504.0,6969.28
2012-02-15,29.0,32.15,29.0,31.8,31.75,43046112.0,13479.94
2012-02-16,31.5,32.8,30.1,31.55,31.7,37110487.0,11793.92
2012-02-17,32.45,32.7,31.1,31.5,31.45,23842996.0,7597.1
2012-02-21,30.3,35.75,30.3,35.45,35.5,46775242.0,15914.48
2012-02-22,36.0,37.95,32.0,32.35,32.5,67444295.0,23834.51
2012-02-23,31.0,33.2,30.35,32.3,32.15,50256256.0,15993.65
2012-02-24,32.8,33.15,31.2,32.6,32.45,34203803.0,10988.8
2012-02-27,32.3,32.5,30.0,30.1,30.25,26090894.0,7968.57
2012-02-28,26.25,32.35,26.25,32.15,32.1,27622052.0,8713.73
2012-02-29,32.0,33.35,31.45,32.2,32.35,21567712.0,6992.36
2012-03-01,32.0,32.45,30.8,31.65,31.85,18048231.0,5723.08
2012-03-02,32.4,33.15,31.1,31.1,31.5,22682743.0,7273.85
2012-03-03,31.6,31.9,30.8,30.85,31.0,2233169.0,696.8
2012-03-05,30.95,30.95,29.5,29.6,29.6,15575985.0,4686.19
2012-03-06,29.4,30.9,26.2,27.3,27.2,28018382.0,8112.69
2012-03-07,23.85,29.2,23.85,28.85,28.6,29704159.0,8400.96
2012-03-09,29.25,30.65,29.0,30.35,30.4,16475266.0,4938.6
2012-03-12,30.65,31.8,29.9,30.25,30.3,17961544.0,5480.09
2012-03-13,30.5,31.4,30.5,31.15,31.1,12325879.0,3824.88
2012-03-14,31.55,31.75,30.6,30.95,30.95,13731422.0,4268.44
2012-03-15,30.15,30.85,29.5,29.9,29.85,14446795.0,4337.21
2012-03-16,30.0,30.8,29.05,29.15,29.4,15526832.0,4657.05
2012-03-19,29.5,29.65,27.4,27.8,27.75,15351841.0,4358.44
2012-03-20,28.0,29.35,27.55,29.0,28.9,14646591.0,4189.76
2012-03-21,28.95,30.75,28.5,30.6,30.3,14832398.0,4387.57
2012-03-22,30.5,30.8,27.9,28.15,28.3,16284516.0,4803.97
2012-03-23,28.75,30.3,28.1,30.25,29.75,14402172.0,4191.02
2012-03-26,29.5,30.1,28.15,28.35,28.3,16143200.0,4671.81
2012-03-27,28.7,29.8,28.4,28.95,28.8,22686013.0,6585.11
2012-03-28,28.5,28.8,27.5,27.8,27.75,10909987.0,3058.69
2012-03-29,27.5,27.55,26.75,27.5,27.35,18186481.0,4938.07
2012-03-30,27.75,29.05,27.65,29.0,28.75,11079780.0,3149.03
2012-04-02,29.0,29.5,28.65,29.35,29.2,10047206.0,2922.81
2012-04-03,29.75,30.4,29.5,30.1,30.15,11385177.0,3427.7
2012-04-04,29.35,29.95,28.7,29.25,29.15,10932447.0,3188.38
2012-04-09,28.6,29.05,28.1,28.15,28.4,9281487.0,2651.86
2012-04-10,28.5,28.7,27.75,28.4,28.45,9392242.0,2656.34
2012-04-11,28.1,28.9,27.8,28.45,28.35,8823270.0,2495.2
2012-04-12,28.7,30.15,28.55,29.5,29.5,23648751.0,6964.5
2012-04-13,29.9,30.3,28.25,28.4,28.45,16015061.0,4711.65
2012-04-16,29.9,29.9,28.2,28.8,28.6,8536308.0,2442.39
2012-04-17,28.5,29.7,28.0,29.6,29.55,17996989.0,5223.86
2012-04-18,29.8,30.15,28.55,29.0,29.1,12224691.0,3614.3
2012-04-19,29.15,29.25,28.45,28.6,28.6,9530669.0,2743.64
2012-04-20,28.5,28.75,27.5,28.1,28.0,10417503.0,2935.61
2012-04-23,28.3,28.4,27.15,27.5,27.4,10432128.0,2885.12
2012-04-24,27.55,28.55,27.45,28.35,28.35,7697871.0,2153.85
2012-04-25,28.15,28.45,27.15,27.15,27.35,9226863.0,2545.82
2012-04-26,27.5,27.6,26.2,26.3,26.55,13713874.0,3708.63
2012-04-27,26.5,26.75,25.25,26.0,25.9,15144159.0,3916.01
2012-04-28,26.25,26.9,25.95,26.9,26.55,1540263.0,406.51
2012-04-30,27.1,27.35,25.5,26.55,26.45,17074221.0,4515.19
2012-05-02,27.0,27.1,25.55,25.65,25.75,18069819.0,4741.28
2012-05-03,25.6,26.15,25.0,25.55,25.5,11276358.0,2873.96
2012-05-04,25.35,25.55,24.2,24.55,24.45,14423563.0,3560.27
2012-05-07,24.0,24.35,22.0,22.9,22.9,48332547.0,10915.74
2012-05-08,22.55,23.35,21.9,22.0,22.05,23303411.0,5255.13
2012-05-09,22.25,22.25,21.45,21.85,21.6,12711632.0,2767.36
2012-05-10,20.65,22.4,20.65,21.35,21.15,17901316.0,3850.38
2012-05-11,20.85,21.25,20.25,20.45,20.45,21022883.0,4343.95
2012-05-14,20.65,20.7,19.7,20.25,20.25,15243289.0,3070.71
2012-05-15,20.2,20.45,19.5,19.85,19.95,23924647.0,4779.98
2012-05-16,19.8,22.7,19.2,21.3,21.55,44074306.0,9233.12
2012-05-17,21.55,21.85,20.75,21.35,21.4,29724057.0,6353.06
2012-05-18,21.0,21.85,20.4,21.6,21.45,18516993.0,3940.73
2012-05-21,21.45,21.9,21.1,21.55,21.6,13544618.0,2921.17
2012-05-22,21.8,22.0,21.1,21.25,21.2,10782775.0,2313.35
2012-05-23,21.05,21.75,20.8,21.2,21.15,14296750.0,3034.86
2012-05-24,21.3,21.85,20.8,21.8,21.45,12825061.0,2716.45
2012-05-25,21.2,21.8,21.1,21.4,21.4,9565642.0,2048.79
2012-05-28,21.5,22.35,21.25,22.1,22.0,10124540.0,2196.59
2012-05-29,21.95,22.6,21.8,22.05,22.2,12292717.0,2736.09
2012-05-30,22.15,22.15,20.5,20.7,20.8,11779908.0,2506.63
2012-05-31,20.5,22.1,20.15,21.85,21.35,28471776.0,5968.36
2012-06-01,21.7,21.95,21.1,21.2,21.35,16172099.0,3481.26
2012-06-04,21.0,21.65,20.4,21.45,21.45,16430291.0,3451.88
2012-06-05,21.55,21.75,20.7,20.85,20.85,12511483.0,2652.81
2012-06-06,21.05,22.2,20.95,21.9,22.05,13199657.0,2865.8
2012-06-07,22.15,22.7,21.8,22.25,22.35,12831505.0,2852.29
2012-06-08,22.1,22.95,21.85,22.9,22.75,18311063.0,4113.05
2012-06-11,23.05,23.75,22.5,22.55,22.65,15735847.0,3655.63
2012-06-12,22.5,23.65,22.25,23.35,23.45,15135641.0,3485.95
2012-06-13,23.5,23.8,22.6,22.8,22.85,15006978.0,3445.9
2012-06-14,22.75,23.05,21.4,21.4,21.55,18290749.0,4027.95
2012-06-15,21.5,22.1,21.2,21.45,21.55,16782294.0,3622.15
2012-06-18,21.8,22.05,20.45,20.9,20.9,23774367.0,4993.94
2012-06-19,21.0,21.1,20.35,20.8,20.7,18734591.0,3876.71
2012-06-20,20.95,21.0,20.55,20.75,20.85,8765729.0,1822.77
2012-06-21,20.15,21.8,20.15,21.6,21.65,16760933.0,3560.63
2012-06-22,21.9,21.9,20.9,21.5,21.5,15247383.0,3255.29
2012-06-25,21.7,22.1,21.05,21.1,21.15,15113583.0,3259.48
2012-06-26,21.15,21.3,20.95,21.1,21.1,10146373.0,2141.77
2012-06-27,21.35,21.4,20.95,21.0,21.1,7471368.0,1581.57
2012-06-28,21.15,21.25,20.8,21.05,21.1,10249675.0,2158.9
2012-06-29,21.35,22.2,21.3,22.0,22.05,18037912.0,3947.95
2012-07-02,22.05,23.8,22.0,23.35,23.5,25037726.0,5766.22
2012-07-03,23.9,24.1,23.2,23.95,23.9,25240484.0,5968.86
2012-07-04,24.0,24.4,23.65,24.05,24.2,21049411.0,5059.37
2012-07-05,24.0,24.45,23.8,24.15,24.25,12527423.0,3030.08
2012-07-06,24.2,24.5,23.5,23.85,23.9,12759819.0,3047.87
2012-07-09,23.75,23.75,22.8,23.15,23.15,11836929.0,2744.14
2012-07-10,23.2,24.25,23.2,24.0,24.1,10796290.0,2569.61
2012-07-11,23.8,24.7,23.5,24.15,24.35,21493396.0,5184.32
2012-07-12,23.55,25.65,23.4,25.1,25.25,37594340.0,9260.02
2012-07-13,25.25,25.65,24.05,24.4,24.4,27946894.0,6934.0
2012-07-16,24.5,24.75,23.45,23.5,23.6,17624539.0,4230.04
2012-07-17,23.9,24.2,22.95,23.0,23.1,17900720.0,4210.44
2012-07-18,23.0,23.45,22.65,23.3,23.3,14761191.0,3413.83
2012-07-19,23.5,24.15,23.4,23.5,23.55,11118719.0,2633.96
2012-07-20,23.5,23.7,23.0,23.35,23.3,13163800.0,3073.55
2012-07-23,23.0,23.0,22.4,22.4,22.5,11385749.0,2584.57
2012-07-24,22.6,22.8,22.25,22.6,22.6,10977465.0,2475.27
2012-07-25,22.5,22.6,21.75,22.05,22.1,10180428.0,2246.41
2012-07-26,22.0,23.5,20.5,20.5,20.65,25666597.0,5429.74
2012-07-27,20.7,21.4,20.35,20.65,20.6,12703936.0,2654.39
2012-07-30,21.0,21.5,20.65,21.3,21.35,13296309.0,2808.53
2012-07-31,21.45,21.9,20.6,21.8,21.65,17592681.0,3740.45
2012-08-01,21.9,22.0,21.1,21.6,21.7,12520699.0,2712.27
2012-08-02,21.5,21.8,21.05,21.3,21.2,11960622.0,2554.49
2012-08-03,20.9,21.6,20.85,21.15,21.25,10933664.0,2318.67
2012-08-06,21.5,21.9,21.45,21.5,21.6,9043462.0,1960.65
2012-08-07,20.7,21.95,20.7,21.65,21.65,8376281.0,1816.84
2012-08-08,21.5,21.95,21.1,21.2,21.2,15098911.0,3236.36
2012-08-09,21.3,21.5,20.9,21.3,21.2,8844005.0,1873.28
2012-08-10,21.2,21.35,20.85,21.15,21.05,7936351.0,1673.77
2012-08-13,21.0,21.65,20.8,21.45,21.5,7701914.0,1639.28
2012-08-14,21.5,21.8,21.1,21.3,21.3,8936134.0,1913.6
2012-08-16,21.3,21.55,21.1,21.3,21.3,7323962.0,1565.17
2012-08-17,21.3,21.5,20.75,20.85,20.95,8866664.0,1869.4
2012-08-21,21.0,21.2,20.75,20.95,21.0,7669029.0,1608.78
2012-08-22,21.0,21.0,20.5,20.7,20.65,8866406.0,1835.27
2012-08-23,20.7,20.9,20.45,20.65,20.6,5385620.0,1110.85
2012-08-24,20.3,20.5,20.1,20.3,20.3,3225936.0,656.19
2012-08-27,20.35,20.5,19.35,19.5,19.45,7292490.0,1447.76
2012-08-28,19.0,19.5,18.6,19.15,19.2,11083017.0,2115.77
2012-08-29,19.3,19.35,18.5,18.65,18.6,8240726.0,1549.44
2012-08-30,18.6,19.05,18.2,18.65,18.55,12068392.0,2250.7
2012-08-31,18.5,18.95,18.1,18.5,18.4,9735634.0,1800.76
2012-09-03,18.55,18.9,18.3,18.65,18.55,6550931.0,1219.95
2012-09-04,18.55,18.85,18.15,18.6,18.65,8376488.0,1548.22
2012-09-05,18.4,18.7,18.25,18.5,18.5,6685709.0,1236.83
2012-09-06,18.5,18.75,18.35,18.35,18.4,6662918.0,1233.32
2012-09-07,18.65,18.9,18.5,18.6,18.6,7390108.0,1378.9
2012-09-08,18.6,18.75,18.55,18.7,18.7,488806.0,91.36
2012-09-10,18.7,18.8,18.4,18.55,18.6,4549597.0,846.31
2012-09-11,18.5,20.05,18.45,19.95,19.9,21827608.0,4268.13
2012-09-12,20.1,20.4,19.85,20.2,20.25,13680865.0,2747.05
2012-09-13,22.4,22.4,19.9,20.35,20.3,13184764.0,2658.81
2012-09-14,20.5,21.45,20.5,21.35,21.3,13423441.0,2833.77
2012-09-17,21.4,23.25,21.4,23.2,22.95,27332463.0,6175.12
2012-09-18,23.2,24.1,22.85,24.05,23.8,20220235.0,4761.0
2012-09-20,23.5,23.9,22.8,23.1,23.25,16901016.0,3925.04
2012-09-21,23.35,24.2,23.35,23.8,23.75,22732705.0,5416.73
2012-09-24,23.85,24.85,23.75,24.25,24.2,15813253.0,3855.95
2012-09-25,24.35,25.45,23.45,25.05,24.95,27263114.0,6727.78
2012-09-26,24.6,25.5,23.9,24.5,24.55,19726772.0,4892.02
2012-09-27,24.7,25.15,24.05,24.6,24.35,20452477.0,5026.94
2012-09-28,24.6,25.4,24.15,24.3,24.3,20457262.0,5057.95
2012-10-01,24.4,24.9,24.05,24.8,24.75,13853140.0,3398.95
2012-10-03,24.95,25.2,24.5,24.95,24.85,13081082.0,3245.13
2012-10-04,25.0,26.35,24.95,25.75,25.85,36158909.0,9349.07
2012-10-05,28.0,28.0,24.75,25.5,25.55,30613489.0,7815.66
2012-10-08,25.5,25.9,24.75,24.8,24.9,15222536.0,3840.97
2012-10-09,25.0,25.4,24.5,24.8,24.75,14307172.0,3564.08
2012-10-10,24.5,24.7,23.05,23.2,23.2,17212709.0,4073.95
2012-10-11,23.65,27.35,23.5,27.25,27.2,85832985.0,22344.41
2012-10-12,27.2,28.45,26.05,26.45,26.3,70559810.0,19255.49
2012-10-15,27.95,29.9,26.25,26.9,26.95,45948618.0,12421.84
2012-10-16,27.05,27.5,25.4,25.85,25.65,36350682.0,9592.66
2012-10-17,25.95,26.6,25.5,26.1,26.0,29657028.0,7690.54
2012-10-18,26.35,27.2,26.05,27.0,27.0,34653596.0,9243.3
2012-10-19,27.25,27.25,25.75,26.3,26.45,25288242.0,6710.32
2012-10-22,26.3,26.4,25.35,25.9,26.0,18309486.0,4748.61
2012-10-23,27.8,27.8,25.35,25.4,25.45,13550719.0,3480.41
2012-10-25,25.1,25.45,24.15,24.95,24.7,22944369.0,5674.21
2012-10-26,25.7,25.7,24.1,24.3,24.3,18521856.0,4555.45
2012-10-29,24.35,24.65,23.9,24.15,24.15,11522298.0,2791.48
2012-10-30,24.2,24.65,22.9,23.55,23.5,25466683.0,6019.47
2012-10-31,23.5,23.75,22.35,23.1,23.1,27402914.0,6324.31
2012-11-01,23.2,24.05,22.85,23.85,23.9,17466521.0,4110.92
2012-11-02,24.25,24.5,23.75,24.15,24.1,17876891.0,4308.28
2012-11-05,24.1,24.2,23.65,24.05,24.05,9662895.0,2315.68
2012-11-06,23.4,24.55,23.4,24.0,24.0,26091653.0,6277.78
2012-11-07,24.0,26.2,23.85,25.6,25.7,44727391.0,11329.48
2012-11-08,25.5,27.25,24.55,27.15,27.05,47197411.0,12321.47
2012-11-09,27.0,27.85,26.15,26.35,26.45,45670770.0,12377.98
2012-11-12,26.35,27.25,25.9,27.05,26.8,27198301.0,7187.97
2012-11-13,27.0,27.2,26.35,26.4,26.65,6613521.0,1773.9
2012-11-15,26.5,28.6,26.2,28.4,28.35,46987050.0,13011.15
2012-11-16,28.6,28.7,26.3,26.4,26.75,34307650.0,9530.3
2012-11-19,26.75,27.65,26.55,27.25,27.15,31572506.0,8532.53
2012-11-20,27.55,27.65,25.45,25.5,25.6,51754876.0,13710.55
2012-11-21,25.75,26.6,24.95,26.25,26.3,25933826.0,6753.42
2012-11-22,26.35,27.35,26.1,27.15,27.1,32804624.0,8822.06
2012-11-23,27.25,27.25,25.9,26.35,26.6,23244341.0,6175.98
2012-11-26,26.75,27.05,24.45,26.55,26.55,27673461.0,7344.57
2012-11-27,26.8,29.85,26.75,29.4,29.5,73515569.0,21103.26
2012-11-29,29.75,32.4,29.4,32.1,32.05,83554373.0,26047.26
2012-11-30,32.4,32.85,31.25,31.5,31.7,66759335.0,21382.38
2012-12-03,31.8,33.35,31.15,32.5,32.45,50070109.0,16261.7
2012-12-04,32.45,34.1,32.1,34.05,33.65,48973408.0,16162.7
2012-12-05,34.0,35.0,34.0,34.35,34.4,48460113.0,16726.29
2012-12-06,34.55,36.15,33.55,36.0,35.95,67538969.0,23498.53
2012-12-07,36.2,36.2,34.6,34.85,35.05,45930640.0,16305.66
2012-12-10,35.2,36.4,34.5,36.0,36.0,43122195.0,15296.68
2012-12-11,36.35,36.65,34.4,35.25,35.35,49237994.0,17499.85
2012-12-12,35.5,36.4,34.6,34.7,34.95,56207433.0,19923.58
2012-12-13,35.15,35.6,33.25,33.3,33.5,35863813.0,12393.72
2012-12-14,33.95,34.6,32.85,33.55,33.4,51222507.0,17300.94
2012-12-17,33.95,34.0,32.8,32.9,33.0,32051643.0,10708.0
2012-12-18,33.1,35.1,32.3,35.0,34.95,74208977.0,25388.79
2012-12-19,35.15,35.5,34.2,34.55,34.75,37993203.0,13305.66
2012-12-20,34.6,34.7,33.5,34.0,34.15,36529219.0,12440.92
2012-12-21,34.0,34.0,32.55,32.65,32.7,34338077.0,11446.79
2012-12-24,33.0,33.3,32.55,32.8,32.9,21939199.0,7228.83
2012-12-26,33.0,34.35,32.85,34.05,34.05,26060396.0,8796.89
2012-12-27,34.0,34.6,33.5,33.65,33.7,31943430.0,10883.29
2012-12-28,34.0,34.4,33.35,33.55,33.6,23368530.0,7900.69
2012-12-31,33.5,34.05,33.35,33.6,33.65,25055540.0,8458.82
2013-01-01,34.1,35.25,33.9,34.9,34.9,33725722.0,11769.28
2013-01-02,35.45,35.95,34.6,34.85,34.9,42068189.0,14801.21
2013-01-03,34.95,35.45,34.5,35.1,35.1,28382116.0,9932.79
2013-01-04,35.1,36.05,34.5,35.8,35.9,36862272.0,13001.0
2013-01-07,36.0,36.6,35.4,35.4,35.75,35458284.0,12740.99
2013-01-08,35.5,38.15,35.2,38.05,37.9,65663209.0,24234.39
2013-01-09,38.3,38.9,37.15,37.4,37.4,62264470.0,23744.18
2013-01-10,37.7,39.15,37.2,38.75,38.85,55589616.0,21231.13
2013-01-11,39.0,39.55,37.65,37.75,38.25,55215488.0,21369.84
2013-01-14,38.3,40.2,37.25,40.15,40.0,56828555.0,22090.94
2013-01-15,40.1,40.9,39.4,39.65,39.65,51632846.0,20791.11
2013-01-16,39.55,40.0,37.7,38.0,37.9,53745108.0,20942.1
2013-01-17,38.0,39.5,37.7,38.9,38.85,41025077.0,15816.57
2013-01-18,39.05,39.75,38.4,38.95,38.8,38533123.0,15092.8
2013-01-21,39.0,39.35,37.9,38.25,38.15,32758502.0,12643.06
2013-01-22,38.2,39.1,36.9,37.15,37.1,38319105.0,14548.03
2013-01-23,37.85,37.95,34.6,36.9,36.6,60876359.0,22331.36
2013-01-24,36.7,36.9,33.4,33.75,34.05,83243731.0,29248.41
2013-01-25,34.05,36.7,33.15,36.3,36.45,49831230.0,17593.69
2013-01-28,36.8,37.95,36.4,37.3,37.3,39899563.0,14855.64
2013-01-29,37.3,38.2,34.6,34.85,35.05,81464079.0,29748.66
2013-01-30,35.1,36.25,34.9,35.95,35.95,40145760.0,14342.4
2013-01-31,35.9,37.35,35.4,37.15,36.85,38722652.0,14049.0
2013-02-01,36.85,37.8,36.15,36.7,36.6,32504138.0,11999.15
2013-02-04,36.8,37.3,35.4,35.6,35.6,25772458.0,9390.81
2013-02-05,35.3,35.65,34.2,35.15,35.2,28871360.0,10147.65
2013-02-06,35.3,36.9,35.2,36.4,36.55,31604879.0,11402.94
2013-02-07,36.55,36.75,35.1,35.65,35.65,33203985.0,11900.06
2013-02-08,35.9,36.05,34.9,35.15,35.15,21488655.0,7639.62
2013-02-11,35.25,35.5,34.75,34.9,34.9,23802006.0,8366.24
2013-02-12,34.25,34.45,26.3,28.65,28.75,172720362.0,49546.96
2013-02-13,29.0,30.8,28.4,28.65,28.8,99397032.0,29446.77
2013-02-14,27.7,30.35,27.7,29.6,29.7,65249747.0,19260.14
2013-02-15,29.45,30.65,29.2,30.25,30.4,33492596.0,10039.76
2013-02-18,30.45,30.8,29.65,30.1,30.25,22856798.0,6935.65
2013-02-19,30.0,31.15,28.75,30.95,30.9,26356425.0,8097.96
2013-02-20,30.8,32.25,29.45,30.15,30.05,80208306.0,24750.1
2013-02-21,28.9,30.6,28.9,29.7,29.8,43699456.0,13105.05
2013-02-22,29.6,30.5,29.6,29.85,29.95,28984640.0,8723.48
2013-02-25,31.4,31.4,28.5,29.3,29.3,32521285.0,9630.46
2013-02-26,29.0,29.5,28.3,28.85,28.65,28827951.0,8364.01
2013-02-27,28.9,29.95,28.65,29.5,29.55,32196375.0,9439.94
2013-02-28,29.8,30.25,26.8,27.45,27.2,48840530.0,13938.45
2013-03-01,27.0,27.85,25.45,26.1,26.05,37433486.0,10094.9
2013-03-04,26.0,26.55,25.65,26.15,26.1,36953596.0,9639.28
2013-03-05,26.3,26.8,25.45,26.4,26.3,38280447.0,10032.76
2013-03-06,26.5,27.65,26.4,27.15,27.1,46482606.0,12552.94
2013-03-07,27.15,27.55,26.7,27.3,27.35,23542231.0,6386.44
2013-03-08,27.5,28.1,27.25,27.4,27.55,36655834.0,10138.87
2013-03-11,27.9,29.1,27.8,28.0,28.15,28487752.0,8052.52
2013-03-12,27.0,28.45,26.6,27.35,27.3,31821735.0,8726.57
2013-03-13,27.1,28.25,26.7,28.0,27.95,43268380.0,12010.02
2013-03-14,28.0,29.85,27.35,29.65,29.65,48404085.0,13864.16
2013-03-15,29.9,30.35,28.45,28.55,28.6,46313913.0,13600.95
2013-03-18,28.6,28.6,27.55,27.6,27.7,30907937.0,8623.35
2013-03-19,27.75,28.2,26.25,26.7,26.65,41163271.0,11159.18
2013-03-20,26.5,27.05,23.75,24.9,24.8,65580083.0,16427.31
2013-03-21,25.2,25.4,23.0,23.35,23.25,50051587.0,12111.9
2013-03-22,23.25,24.55,22.8,23.95,24.0,37568561.0,8909.93
2013-03-25,24.5,24.75,22.75,22.85,22.85,32402282.0,7705.2
2013-03-26,22.8,23.05,21.9,22.1,22.15,25011868.0,5588.74
2013-03-28,22.1,23.85,21.55,23.7,23.55,38509186.0,8724.72
2013-04-01,23.8,25.35,23.7,24.75,25.0,32902202.0,8067.26
2013-04-02,24.85,25.4,24.55,25.2,25.15,28563602.0,7145.01
2013-04-03,25.05,25.95,24.35,24.55,24.55,31447353.0,7917.22
2013-04-04,24.55,24.55,23.55,23.75,23.75,30778870.0,7393.91
2013-04-05,23.9,24.25,23.4,23.5,23.55,23668345.0,5624.79
2013-04-08,23.65,24.15,23.45,23.7,23.7,19203900.0,4560.2
2013-04-09,23.75,24.55,23.4,23.6,23.5,30166656.0,7230.57
2013-04-10,23.7,23.95,22.55,23.55,23.5,38268525.0,8899.66
2013-04-11,23.85,24.2,23.3,24.15,24.0,30365228.0,7230.62
2013-04-12,23.7,24.65,23.5,24.3,24.35,23272856.0,5594.39
2013-04-15,23.9,24.95,23.9,24.65,24.6,27585621.0,6767.24
2013-04-16,24.3,26.05,24.3,25.95,25.95,43099017.0,10938.22
2013-04-17,26.1,28.3,26.0,27.2,27.0,78610096.0,21434.4
2013-04-18,27.05,28.1,26.8,27.65,27.65,40597094.0,11145.76
2013-04-22,27.65,30.6,27.45,29.75,30.0,66735786.0,19230.29
2013-04-23,29.8,30.35,28.3,29.0,29.15,49666560.0,14542.77
2013-04-25,29.2,29.9,28.4,28.6,28.85,45737991.0,13331.36
2013-04-26,28.8,29.1,26.8,27.05,26.95,36303809.0,10107.24
2013-04-29,27.25,28.05,27.1,27.9,27.85,23912626.0,6594.67
2013-04-30,28.25,28.4,26.4,27.05,26.9,36840114.0,10019.95
2013-05-02,27.1,28.8,26.9,28.45,28.45,41451349.0,11616.53
2013-05-03,28.55,29.9,27.4,28.5,28.65,58963985.0,16765.35
2013-05-06,28.5,28.9,27.6,28.75,28.7,31600426.0,8972.47
2013-05-07,28.7,29.75,28.7,29.2,29.3,30857868.0,9027.02
2013-05-08,29.6,29.7,28.75,29.2,29.25,36366073.0,10634.66
2013-05-09,29.2,30.35,28.85,29.35,29.25,42713762.0,12587.15
2013-05-10,29.3,29.65,28.7,28.8,28.9,29325812.0,8559.51
2013-05-11,28.9,29.0,28.75,28.9,28.85,1732129.0,500.18
2013-05-13,28.95,29.1,27.55,27.7,27.7,27979211.0,7938.81
2013-05-14,27.9,28.05,27.25,27.35,27.4,28235808.0,7798.04
2013-05-15,27.75,29.35,27.65,29.1,29.15,41704341.0,11987.29
2013-05-16,29.2,30.15,28.85,29.8,29.7,50919876.0,15061.25
2013-05-17,29.9,31.1,29.7,30.65,30.65,62376597.0,19039.23
2013-05-20,30.95,31.5,29.9,30.45,30.25,34473576.0,10633.62
2013-05-21,30.4,30.5,29.0,29.05,29.15,35493064.0,10517.23
2013-05-22,29.25,29.6,28.15,28.25,28.3,32712484.0,9397.51
2013-05-23,28.0,28.0,25.05,25.25,25.2,58287168.0,15166.58
2013-05-24,25.8,25.9,24.8,25.25,25.3,45728681.0,11598.05
2013-05-27,25.5,26.25,25.15,25.95,26.0,34484301.0,8882.15
2013-05-28,26.15,26.6,25.9,26.15,26.15,35845905.0,9407.72
2013-05-29,26.1,26.25,24.7,24.85,25.0,43180405.0,10936.64
2013-05-30,24.75,24.75,23.7,23.85,23.95,57830652.0,13954.72
2013-05-31,24.6,24.95,23.3,23.8,23.7,52960003.0,12787.88
2013-06-03,23.55,24.6,23.55,24.4,24.3,29298517.0,7062.04
2013-06-04,24.3,24.75,23.6,23.95,23.9,25357447.0,6157.57
2013-06-05,23.8,24.5,23.45,24.3,24.3,36154914.0,8712.53
2013-06-06,23.9,24.5,23.65,24.1,24.15,37595070.0,9055.98
2013-06-07,23.85,24.35,23.35,23.5,23.55,29651278.0,7073.71
2013-06-10,23.7,24.0,22.75,22.95,23.0,32157970.0,7511.41
2013-06-11,22.9,22.9,21.95,22.05,22.05,30265483.0,6767.34
2013-06-12,22.1,22.65,21.85,22.15,22.15,28492283.0,6334.5
2013-06-13,21.95,22.1,20.8,20.9,21.0,32086388.0,6917.97
2013-06-14,21.4,22.0,21.35,21.75,21.75,26382226.0,5740.44
2013-06-17,22.0,22.1,21.0,22.05,21.95,34307962.0,7430.65
2013-06-18,22.05,22.6,21.65,21.85,21.95,33773824.0,7457.47
2013-06-19,21.85,22.45,21.8,22.3,22.25,23542799.0,5236.21
2013-06-20,21.45,21.7,20.9,21.0,21.05,25882787.0,5472.6
2013-06-21,20.9,21.5,20.05,20.65,20.65,38814545.0,8092.82
2013-06-24,20.5,20.6,19.75,20.0,19.95,26567665.0,5318.84
2013-06-25,20.2,20.65,19.65,20.2,20.2,37816356.0,7628.81
2013-06-26,20.5,20.6,19.65,19.75,19.75,28382185.0,5705.56
2013-06-27,20.25,20.35,19.75,19.95,19.95,31383175.0,6274.84
2013-06-28,20.4,21.35,20.25,21.3,21.1,21643580.0,4507.93
2013-07-01,21.1,23.45,21.1,23.3,23.25,39064069.0,8821.65
2013-07-02,23.25,23.75,22.3,22.75,22.75,31335893.0,7225.05
2013-07-03,22.1,22.25,20.3,20.55,20.45,55769033.0,11702.93
2013-07-04,20.25,21.65,19.5,21.1,21.05,59043187.0,12159.97
2013-07-05,21.6,21.7,20.5,20.9,20.95,29470073.0,6203.66
2013-07-08,20.3,20.85,19.85,20.3,20.2,40803086.0,8261.78
2013-07-09,20.65,20.8,19.75,20.35,20.3,50448747.0,10203.53
2013-07-10,20.6,20.6,19.9,19.95,19.95,26822012.0,5394.39
2013-07-11,20.4,20.7,20.1,20.5,20.55,31503762.0,6449.65
2013-07-12,20.8,21.0,20.0,20.3,20.25,26238824.0,5327.89
2013-07-15,20.35,21.5,20.15,21.4,21.3,42119876.0,8818.96
2013-07-16,20.6,20.85,19.75,19.9,19.95,40783022.0,8209.18
2013-07-17,19.95,20.3,19.15,19.6,19.55,47781035.0,9472.58
2013-07-18,19.95,20.3,19.5,20.25,20.15,28906116.0,5742.73
2013-07-19,20.25,20.35,19.5,19.6,19.6,27387042.0,5433.35
2013-07-22,19.6,19.9,18.7,18.85,18.9,30289978.0,5807.21
2013-07-23,19.05,19.4,18.6,19.0,19.0,34028148.0,6472.86
2013-07-24,18.8,18.85,18.05,18.4,18.45,31744025.0,5844.29
2013-07-25,18.15,18.65,17.75,17.9,18.2,51882115.0,9403.22
2013-07-26,18.15,18.4,17.65,17.95,17.95,27254370.0,4915.48
2013-07-29,17.7,17.95,17.0,17.1,17.15,21058241.0,3675.75
2013-07-30,17.15,17.3,16.25,16.5,16.5,34108385.0,5699.28
2013-07-31,16.1,16.7,15.7,16.65,16.45,25954825.0,4178.82
2013-08-01,16.45,17.45,15.35,16.0,15.9,37924093.0,6137.75
2013-08-02,16.05,16.4,15.0,15.25,15.2,41023275.0,6422.37
2013-08-05,15.2,15.95,14.75,15.9,15.7,30901801.0,4737.17
2013-08-06,15.8,15.8,14.65,14.85,14.95,36276320.0,5499.95
2013-08-07,15.0,17.7,14.95,17.05,17.15,60987292.0,10062.18
2013-08-08,17.4,17.55,16.4,17.2,17.1,32825492.0,5581.39
2013-08-12,17.35,17.55,16.9,17.2,17.25,19435578.0,3346.09
2013-08-13,17.2,18.05,16.85,18.0,17.8,21755997.0,3802.2
2013-08-14,18.0,18.35,17.65,18.3,18.2,23536750.0,4244.06
2013-08-16,17.95,18.0,16.25,16.25,16.45,27514670.0,4689.7
2013-08-19,16.4,16.55,15.6,16.05,16.15,24195076.0,3891.68
2013-08-20,15.85,18.0,15.6,17.35,17.6,31043704.0,5222.64
2013-08-21,18.0,18.2,16.05,16.25,16.2,30445062.0,5236.58
2013-08-22,16.15,17.15,15.85,17.05,17.0,28511452.0,4717.17
2013-08-23,17.15,17.35,16.2,16.7,16.7,20697085.0,3479.61
2013-08-26,17.0,17.5,16.75,17.3,17.35,17340673.0,2979.67
2013-08-27,17.0,17.25,16.4,16.5,16.5,19815554.0,3318.29
2013-08-28,16.0,16.3,15.4,15.85,15.95,21572997.0,3423.35
2013-08-29,16.15,16.3,15.5,16.1,16.1,44270315.0,7064.47
2013-08-30,16.2,17.05,15.8,16.65,16.55,31889251.0,5253.95
2013-09-02,16.7,17.5,16.55,17.35,17.3,24111584.0,4099.89
2013-09-03,17.5,17.65,16.0,16.1,16.2,27612487.0,4685.65
2013-09-04,16.0,16.7,15.75,16.45,16.5,21712023.0,3553.23
2013-09-05,17.0,17.35,16.65,16.95,17.0,26863089.0,4566.28
2013-09-06,17.15,17.35,16.65,16.9,16.9,26953277.0,4578.14
2013-09-10,17.3,17.4,17.05,17.15,17.15,22451475.0,3859.63
2013-09-11,17.15,17.6,16.95,17.45,17.4,38863698.0,6726.99
2013-09-12,17.5,18.5,17.45,17.75,17.75,39889472.0,7148.38
2013-09-13,17.7,18.3,17.6,18.05,18.1,25803731.0,4666.74
2013-09-16,18.4,18.55,16.45,17.45,17.4,32730001.0,5756.0
2013-09-17,17.35,17.45,17.0,17.05,17.1,12052528.0,2069.55
2013-09-18,17.15,17.35,16.9,17.15,17.15,13905120.0,2380.15
2013-09-19,18.0,18.8,17.8,18.4,18.4,37712371.0,6899.31
2013-09-20,18.4,18.4,17.0,17.25,17.3,30406572.0,5320.72
2013-09-23,16.95,17.2,16.3,16.4,16.5,21815187.0,3634.74
2013-09-24,16.8,17.0,16.45,16.7,16.7,22122860.0,3694.85
2013-09-25,17.1,17.3,16.2,16.75,16.7,24304813.0,4059.97
2013-09-26,16.7,16.8,16.4,16.55,16.55,18306153.0,3034.94
2013-09-27,16.65,16.8,16.15,16.3,16.25,19363025.0,3185.62
2013-09-30,16.1,16.1,15.5,15.7,15.7,14239532.0,2235.4
2013-10-01,15.75,15.9,15.55,15.75,15.8,21839715.0,3444.85
2013-10-03,15.9,16.5,15.7,16.4,16.35,22838863.0,3693.94
2013-10-04,16.2,16.8,16.15,16.6,16.55,22095631.0,3649.03
2013-10-07,16.5,16.5,16.1,16.35,16.3,12084298.0,1968.67
2013-10-08,16.5,17.05,16.3,16.75,16.7,20293025.0,3382.35
2013-10-09,16.75,18.15,16.55,18.05,18.0,31809815.0,5562.08
2013-10-10,18.15,18.35,17.65,17.9,17.95,21194612.0,3814.39
2013-10-11,18.25,19.8,18.0,19.15,19.3,57901498.0,11100.18
2013-10-14,19.25,19.65,18.8,19.1,19.1,26438802.0,5087.04
2013-10-15,19.4,19.65,17.8,18.25,18.35,34576864.0,6481.49
2013-10-17,18.55,18.65,17.6,17.65,17.75,26522888.0,4802.88
2013-10-18,18.2,18.4,17.85,18.2,18.15,28908590.0,5235.98
2013-10-21,18.85,19.1,18.5,18.7,18.8,43665765.0,8200.36
2013-10-22,18.7,19.05,18.25,18.45,18.5,25275658.0,4731.97
2013-10-23,18.6,18.8,18.0,18.3,18.3,22931654.0,4205.74
2013-10-24,18.3,18.75,17.2,17.35,17.4,38484345.0,6886.32
2013-10-25,17.4,17.6,17.0,17.25,17.25,20110095.0,3476.59
2013-10-28,17.3,17.55,16.6,16.65,16.7,25839327.0,4402.99
2013-10-29,16.7,17.5,16.4,17.4,17.35,24749901.0,4207.19
2013-10-30,17.55,17.65,17.15,17.2,17.25,15104401.0,2623.84
2013-10-31,17.2,17.7,16.95,17.55,17.45,29462311.0,5132.19
2013-11-01,17.55,18.25,17.3,18.05,18.05,47133858.0,8352.56
2013-11-03,18.3,18.3,18.1,18.15,18.15,5246964.0,954.43
2013-11-05,18.0,18.5,17.7,18.05,18.0,34742406.0,6310.62
2013-11-06,18.2,18.5,17.6,17.65,17.75,31195108.0,5601.01
2013-11-07,17.6,18.0,16.7,16.8,16.85,36900264.0,6426.39
2013-11-08,16.7,17.35,16.55,17.0,17.05,26234278.0,4454.76
2013-11-11,16.95,17.05,16.45,16.45,16.55,24840084.0,4155.47
2013-11-12,16.7,16.95,16.25,16.3,16.3,28857057.0,4774.06
2013-11-13,16.25,16.55,15.85,15.95,16.0,22536138.0,3655.99
2013-11-14,16.25,16.8,16.25,16.65,16.6,19667430.0,3259.71
2013-11-18,16.8,17.15,16.65,17.1,17.0,23293097.0,3930.23
2013-11-19,17.0,17.7,16.9,17.7,17.6,37612086.0,6552.26
2013-11-20,17.6,18.0,17.1,17.2,17.25,35256994.0,6212.09
2013-11-21,17.1,17.55,16.85,17.05,17.05,37882214.0,6506.43
2013-11-22,17.25,17.4,16.6,16.7,16.7,42096972.0,7144.25
2013-11-25,17.2,17.2,16.75,16.95,16.95,29343513.0,4976.4
2013-11-26,16.9,17.05,15.45,15.85,15.6,151201675.0,23985.37
2013-11-27,15.8,15.95,15.45,15.8,15.7,50474220.0,7915.32
2013-11-28,16.0,16.55,15.75,16.25,16.25,63203022.0,10232.66
2013-11-29,16.25,17.05,16.15,16.75,16.8,49402285.0,8275.84
2013-12-02,16.95,17.05,16.3,16.5,16.55,36487661.0,6098.99
2013-12-03,16.5,17.5,16.2,17.45,17.25,60071457.0,10123.07
2013-12-04,17.3,17.6,14.7,15.7,15.65,115531677.0,18739.96
2013-12-05,16.25,16.4,15.5,15.9,15.8,58611504.0,9349.59
2013-12-06,16.0,16.05,15.65,15.9,15.85,27860260.0,4412.88
2013-12-09,16.35,16.4,15.7,16.0,16.0,37755512.0,6026.1
2013-12-10,16.05,16.15,15.6,15.85,15.8,36847548.0,5841.51
2013-12-11,15.8,15.8,15.5,15.65,15.6,24625854.0,3843.34
2013-12-12,15.55,15.8,15.35,15.55,15.6,27583396.0,4310.61
2013-12-13,15.5,15.65,15.3,15.45,15.4,21666772.0,3347.45
2013-12-16,15.35,15.55,15.05,15.15,15.15,21108405.0,3229.1
2013-12-17,15.3,15.35,14.85,14.9,14.9,22721197.0,3430.13
2013-12-18,15.0,15.45,14.9,15.35,15.25,35823347.0,5448.36
2013-12-19,15.45,15.5,14.8,14.9,14.95,33865051.0,5088.79
2013-12-20,15.05,15.4,14.9,15.3,15.25,53182359.0,8076.61
2013-12-23,15.4,16.05,15.25,15.75,15.8,44605999.0,7025.84
2013-12-24,15.85,15.95,15.55,15.7,15.7,22685246.0,3570.51
2013-12-26,15.8,16.0,15.45,15.6,15.6,49704916.0,7839.27
2013-12-27,15.65,15.9,15.45,15.6,15.6,23603517.0,3703.9
2013-12-30,15.7,15.75,15.25,15.35,15.35,19846097.0,3069.76
2013-12-31,15.45,15.55,15.1,15.25,15.3,32741950.0,5002.24
2014-01-01,15.35,15.8,15.25,15.75,15.7,40269936.0,6290.17
2014-01-02,15.85,16.05,15.15,15.2,15.25,49579646.0,7752.15
2014-01-03,15.2,15.35,15.1,15.2,15.25,21623023.0,3290.88
2014-01-06,15.25,15.3,15.05,15.15,15.2,15847829.0,2405.5
2014-01-07,15.15,15.35,14.8,14.9,14.9,31168759.0,4674.66
2014-01-08,15.0,15.15,14.7,14.85,14.85,24848196.0,3708.54
2014-01-09,14.9,14.95,14.55,14.7,14.65,20386658.0,2994.55
2014-01-10,14.8,14.85,14.1,14.15,14.15,25840031.0,3742.45
2014-01-13,14.15,14.35,13.6,13.8,13.75,33442367.0,4632.27
2014-01-14,13.8,13.9,13.3,13.45,13.45,29017041.0,3922.51
2014-01-15,13.45,14.2,13.3,14.1,14.1,57807257.0,7974.89
2014-01-16,14.2,14.3,13.75,13.95,13.9,32248188.0,4505.29
2014-01-17,13.9,14.05,13.5,13.55,13.6,27427506.0,3760.43
2014-01-20,13.5,13.8,13.45,13.75,13.7,26220919.0,3576.19
2014-01-21,13.9,13.9,13.55,13.7,13.7,21066392.0,2885.39
2014-01-22,13.7,13.8,13.6,13.7,13.7,12834283.0,1756.79
2014-01-23,13.65,13.75,13.55,13.6,13.6,14698883.0,2005.75
2014-01-24,13.5,13.6,13.35,13.35,13.4,14588956.0,1962.53
2014-01-27,13.3,13.35,12.1,12.4,12.3,39797544.0,5061.54
2014-01-28,12.35,12.8,12.3,12.6,12.6,42230742.0,5298.39
2014-01-29,12.65,12.8,12.2,12.5,12.45,41386972.0,5177.47
2014-01-30,12.3,12.4,11.75,12.4,12.05,54656911.0,6583.58
2014-01-31,12.35,12.8,12.05,12.6,12.6,39838818.0,4949.95
2014-02-03,12.6,12.6,12.15,12.3,12.3,23150650.0,2862.84
2014-02-04,12.15,12.8,12.05,12.6,12.65,24254844.0,3015.61
2014-02-05,12.65,12.7,12.3,12.55,12.6,22259258.0,2787.24
2014-02-06,12.65,12.8,12.35,12.55,12.6,21243677.0,2668.81
2014-02-07,12.7,12.8,12.45,12.7,12.65,21621894.0,2730.47
2014-02-10,12.7,12.9,12.6,12.75,12.8,21671651.0,2763.96
2014-02-11,12.8,12.85,12.65,12.65,12.7,11219001.0,1425.59
2014-02-12,12.7,12.8,12.25,12.45,12.45,21654585.0,2703.29
2014-02-13,12.5,12.75,12.35,12.6,12.6,27974931.0,3513.47
2014-02-14,12.6,12.85,12.5,12.6,12.65,23392189.0,2962.85
2014-02-17,12.6,12.75,12.35,12.5,12.5,17120012.0,2142.54
2014-02-18,12.45,12.75,12.45,12.55,12.65,18541162.0,2339.16
2014-02-19,12.6,12.65,12.35,12.4,12.45,11182292.0,1394.47
2014-02-20,12.35,12.6,12.15,12.3,12.35,27446329.0,3402.86
2014-02-21,12.3,12.5,12.25,12.35,12.35,13410394.0,1664.04
2014-02-24,12.35,12.5,12.2,12.25,12.25,15593292.0,1919.76
2014-02-25,12.3,12.4,12.0,12.05,12.1,19448218.0,2374.25
2014-02-26,12.05,12.15,11.65,11.75,11.75,35521947.0,4207.1
2014-02-28,11.7,11.8,11.2,11.45,11.4,27065619.0,3100.93
2014-03-03,11.45,11.45,10.95,11.0,11.0,26686339.0,2970.97
2014-03-04,11.0,11.5,10.85,11.45,11.4,25348598.0,2830.91
2014-03-05,11.5,11.5,10.95,11.45,11.4,23592786.0,2659.61
2014-03-06,11.45,12.0,11.35,11.85,11.9,33160920.0,3886.83
2014-03-07,11.95,12.6,11.85,12.05,12.1,62598905.0,7621.91
2014-03-10,12.1,12.5,11.95,12.4,12.35,26974192.0,3306.64
2014-03-11,12.4,12.8,12.05,12.55,12.5,37054817.0,4614.92
2014-03-12,12.5,13.1,12.4,12.8,12.75,46077933.0,5890.58
2014-03-13,12.8,13.0,12.2,12.2,12.3,23440690.0,2967.28
2014-03-14,12.2,12.25,11.9,12.15,12.15,32130795.0,3881.68
2014-03-18,12.25,12.35,11.85,11.95,11.9,31046452.0,3757.29
2014-03-19,12.0,12.15,11.8,11.85,11.9,26272557.0,3141.74
2014-03-20,11.8,11.85,11.0,11.4,11.4,36807281.0,4279.71
2014-03-21,11.45,11.9,11.4,11.75,11.7,39947708.0,4654.02
2014-03-22,11.75,11.75,11.6,11.7,11.65,1685370.0,196.69
2014-03-24,11.65,12.05,11.65,11.8,11.9,36273602.0,4303.84
2014-03-25,11.8,11.95,11.7,11.75,11.8,15013724.0,1773.11
2014-03-26,11.8,12.0,11.35,11.5,11.5,34153448.0,3986.82
2014-03-27,11.5,11.8,11.35,11.65,11.6,27199473.0,3146.38
2014-03-28,11.8,12.2,11.75,12.2,12.1,32022663.0,3856.11
2014-03-31,12.2,14.1,12.2,13.95,14.0,87751409.0,11597.2
2014-04-01,14.2,14.3,13.25,13.65,13.55,73108818.0,9987.58
2014-04-02,13.7,14.45,13.5,14.4,14.35,46763330.0,6564.93
2014-04-03,14.5,15.3,14.0,14.6,14.55,83747525.0,12271.21
2014-04-04,14.55,15.6,14.3,15.45,15.35,74229179.0,11191.31
2014-04-07,15.4,16.05,13.85,15.3,15.35,97390093.0,14834.72
2014-04-09,15.4,16.1,15.4,15.9,15.85,51132359.0,8075.21
2014-04-10,15.85,16.7,15.75,16.15,16.35,71984070.0,11703.75
2014-04-11,16.2,17.35,15.85,16.85,16.95,78281812.0,13115.49
2014-04-15,17.0,17.2,16.4,16.4,16.6,49400444.0,8310.77
2014-04-16,16.6,16.7,15.4,15.85,15.6,55628629.0,8872.72
2014-04-17,15.85,16.75,15.75,16.55,16.5,52251903.0,8509.94
2014-04-21,16.6,16.85,16.05,16.25,16.2,36465291.0,5968.43
2014-04-22,16.4,17.1,16.35,16.85,16.85,80245111.0,13511.38
2014-04-23,16.9,17.1,16.3,16.6,16.5,68011200.0,11380.32
2014-04-25,16.6,17.0,16.3,16.75,16.55,55899993.0,9312.86
2014-04-28,16.55,17.45,16.55,17.25,17.2,71573668.0,12224.49
2014-04-29,17.3,18.0,16.8,17.2,17.3,96566898.0,16885.63
2014-04-30,17.3,17.5,15.25,15.85,15.85,89716008.0,14721.85
2014-05-02,16.0,16.35,15.7,15.95,15.95,55825259.0,8961.37
2014-05-05,16.0,16.3,15.6,15.8,15.9,55297921.0,8833.44
2014-05-06,15.9,16.15,15.55,15.8,15.8,30940434.0,4909.75
2014-05-07,15.75,16.0,15.25,15.35,15.4,37674274.0,5900.3
2014-05-08,15.5,15.6,14.9,15.0,15.05,35924494.0,5455.33
2014-05-09,15.1,16.5,15.0,16.35,16.35,67251028.0,10685.24
2014-05-12,16.4,17.8,16.4,17.2,17.2,96504938.0,16618.88
2014-05-13,17.5,17.9,16.85,17.25,17.35,73477483.0,12833.47
2014-05-14,17.35,19.05,17.0,18.75,18.85,115255565.0,21071.68
2014-05-15,19.0,19.25,18.1,18.2,18.35,71673907.0,13363.39
2014-05-16,19.1,21.1,18.65,19.5,19.4,152314837.0,30356.04
2014-05-19,19.9,23.1,19.7,23.05,22.9,141957763.0,30698.01
2014-05-20,23.8,27.15,23.15,26.25,26.25,196397113.0,50878.94
2014-05-21,26.8,27.2,25.0,26.2,26.1,101554467.0,26415.74
2014-05-22,26.65,29.35,26.45,28.4,28.15,114307150.0,31850.38
2014-05-23,28.65,30.15,28.35,29.65,29.6,125554074.0,36747.81
2014-05-26,30.5,31.5,26.35,27.95,28.15,138267860.0,41128.07
2014-05-27,28.45,28.45,25.35,25.9,26.3,104539459.0,27676.25
2014-05-28,26.15,28.2,25.5,27.75,27.9,86832964.0,23385.5
2014-05-29,26.9,27.95,26.55,27.05,26.95,80096644.0,21793.65
2014-05-30,27.2,29.9,27.2,27.8,27.75,129699300.0,37077.95
2014-06-02,28.2,29.1,27.95,28.65,28.6,59164707.0,16899.54
2014-06-03,28.85,30.0,28.3,30.0,29.8,87714481.0,25691.68
2014-06-04,30.15,30.75,29.5,30.25,30.35,82633819.0,24971.76
2014-06-05,30.55,30.8,29.8,30.45,30.5,54437469.0,16574.46
2014-06-06,31.0,32.9,30.9,32.55,32.3,100736385.0,31887.37
2014-06-09,33.35,38.7,33.35,37.85,37.8,257055999.0,93780.59
2014-06-10,38.25,38.6,34.5,36.5,36.6,136399662.0,49293.22
2014-06-11,36.9,37.95,33.25,34.0,33.95,125762662.0,44612.05
2014-06-12,34.4,35.5,33.3,34.45,34.2,97380698.0,33528.08
2014-06-13,34.8,35.85,31.55,31.9,32.25,123019425.0,41196.15
2014-06-16,32.2,33.4,30.15,32.85,32.95,128567799.0,40913.96
2014-06-17,33.0,33.45,31.8,32.75,32.8,85064058.0,27850.81
2014-06-18,32.8,33.6,31.0,31.0,31.55,95713527.0,30915.21
2014-06-19,31.55,32.2,30.8,30.9,31.15,70619235.0,22163.0
2014-06-20,30.8,33.85,30.75,33.55,33.3,102330549.0,33105.29
2014-06-23,33.6,34.4,32.6,33.65,33.8,99974478.0,33517.93
2014-06-24,34.1,34.95,34.1,34.45,34.55,78364354.0,27116.67
2014-06-25,34.6,35.35,34.2,34.65,34.7,60456410.0,21060.54
2014-06-26,34.65,34.65,32.9,33.4,33.45,92217045.0,31142.15
2014-06-27,33.65,34.3,32.55,33.95,34.0,75986671.0,25474.2
2014-06-30,34.2,34.85,33.45,33.6,33.75,71003889.0,24282.84
2014-07-01,33.9,34.9,33.55,34.9,34.65,73376549.0,25124.67
2014-07-02,35.2,35.5,33.9,34.2,34.25,81109711.0,28277.28
2014-07-03,34.45,34.5,32.5,32.65,32.8,45193235.0,15054.13
2014-07-04,32.9,33.4,32.4,32.85,32.9,44673486.0,14714.95
2014-07-07,32.9,33.45,31.95,32.25,32.3,33491692.0,10974.24
2014-07-08,32.5,32.55,27.8,28.05,28.2,94956525.0,28662.41
2014-07-09,28.4,29.45,27.1,28.3,28.35,93422386.0,26494.0
2014-07-10,28.2,31.15,25.95,27.85,28.15,173076367.0,49518.94
2014-07-11,28.4,29.25,24.55,25.1,25.0,122638228.0,32874.32
2014-07-14,25.05,25.95,24.7,25.4,25.35,63338531.0,16094.0
2014-07-15,25.9,26.6,25.1,26.5,26.35,72137590.0,18706.27
2014-07-16,26.85,28.4,26.55,28.25,28.2,87307127.0,24153.78
2014-07-17,28.2,28.65,27.55,27.85,27.8,56238752.0,15761.04
2014-07-18,27.55,27.7,26.7,27.4,27.25,50691749.0,13796.78
2014-07-21,27.45,28.05,26.7,27.15,27.0,45434300.0,12419.82
2014-07-22,27.2,27.35,25.9,26.15,26.15,48245873.0,12838.68
2014-07-23,26.25,27.85,26.1,27.65,27.5,66720538.0,17974.73
2014-07-24,27.65,28.25,27.15,27.45,27.6,55083932.0,15251.0
2014-07-25,27.35,27.85,25.15,26.45,26.45,66624361.0,17696.7
2014-07-28,26.5,26.65,25.7,25.75,25.85,42417633.0,11077.1
2014-07-30,25.65,25.85,24.6,24.95,25.0,82444536.0,20637.85
2014-07-31,25.0,25.8,25.0,25.5,25.45,67703829.0,17257.71
2014-08-01,25.0,26.5,24.7,25.2,25.1,79509210.0,20315.58
2014-08-04,25.4,26.15,25.4,26.15,25.9,49913340.0,12875.2
2014-08-05,26.05,27.9,25.7,27.8,27.6,101547047.0,27041.49
2014-08-06,27.6,28.35,27.1,27.3,27.3,80987201.0,22450.85
2014-08-07,27.2,28.15,26.9,27.55,27.45,69490047.0,19115.48
2014-08-08,26.95,27.05,25.75,25.95,25.95,61629939.0,16173.96
2014-08-11,26.7,26.9,25.85,26.05,26.1,35879650.0,9455.35
2014-08-12,26.4,26.65,25.75,26.3,26.3,45708389.0,11973.1
2014-08-13,25.8,25.85,21.2,21.75,21.65,126380668.0,29297.95
2014-08-14,20.9,23.05,20.1,22.8,22.7,144001755.0,31303.54
2014-08-18,22.5,23.4,21.95,22.7,22.9,65451659.0,14793.95
2014-08-19,23.1,23.8,22.9,23.5,23.6,51482730.0,12070.88
2014-08-20,23.55,24.6,23.55,24.0,24.15,53702893.0,12925.01
2014-08-21,24.15,24.85,23.1,23.25,23.35,51336188.0,12277.22
2014-08-22,23.35,23.65,22.7,23.35,23.3,45040384.0,10445.46
2014-08-25,23.35,23.55,22.3,22.4,22.5,41075744.0,9452.51
2014-08-26,22.3,22.9,21.7,22.5,22.45,53266315.0,11914.32
2014-08-27,22.5,22.9,21.65,22.1,22.05,45915806.0,10209.19
2014-08-28,22.05,22.3,21.45,21.9,21.7,50370409.0,10973.37
2014-09-01,22.2,24.0,21.9,23.9,23.75,75761771.0,17594.77
2014-09-02,23.85,24.45,23.6,23.8,23.9,52670468.0,12637.15
2014-09-03,24.4,24.4,23.45,23.9,24.0,58059273.0,13921.15
2014-09-04,23.8,23.95,21.45,22.5,22.45,68436108.0,15387.81
2014-09-05,22.7,23.3,22.05,23.05,23.05,52487184.0,11861.33
2014-09-08,23.3,23.65,22.8,23.4,23.4,33612370.0,7811.4
2014-09-09,23.2,23.3,22.5,22.6,22.65,35860018.0,8189.7
2014-09-10,22.5,23.55,22.25,23.2,23.25,51148099.0,11797.03
2014-09-11,23.35,23.6,22.6,22.7,22.75,39178465.0,9038.57
2014-09-12,22.65,23.25,22.6,22.85,22.9,34892518.0,8007.37
2014-09-15,22.6,24.55,22.3,24.0,24.15,66042339.0,15548.1
2014-09-16,24.45,25.55,22.65,22.7,22.8,99807673.0,24081.16
2014-09-17,23.1,23.3,22.3,22.9,22.95,41614633.0,9499.3
2014-09-18,22.9,26.35,22.7,26.1,25.9,124752134.0,31266.19
2014-09-19,26.3,26.7,24.65,24.95,25.2,82292216.0,21273.81
2014-09-22,24.45,25.3,24.2,24.35,24.55,52576107.0,13016.17
2014-09-23,24.5,24.8,21.75,21.9,21.95,91117954.0,20954.68
2014-09-24,22.0,22.45,19.4,20.2,20.15,93090131.0,19416.86
2014-09-25,20.65,21.25,18.8,19.6,19.25,113917739.0,22595.46
2014-09-26,19.1,20.65,18.65,20.6,20.45,91793935.0,18100.04
2014-09-29,20.7,20.9,19.7,20.0,19.9,44836560.0,9098.19
2014-09-30,19.9,20.5,18.65,18.8,18.85,79578265.0,15588.72
2014-10-01,18.75,19.6,18.45,19.25,19.2,54367708.0,10360.96
2014-10-07,19.0,19.85,18.95,19.35,19.25,49170836.0,9544.57
2014-10-08,19.2,19.9,19.0,19.55,19.55,49547149.0,9641.41
2014-10-09,19.5,20.7,19.5,20.4,20.55,53784648.0,10859.45
2014-10-10,20.0,20.15,19.15,19.25,19.25,52280051.0,10259.86
2014-10-13,19.2,19.2,18.15,18.5,18.45,59431948.0,11016.11
2014-10-14,18.25,18.9,17.85,18.05,18.05,66702398.0,12157.62
2014-10-16,17.9,18.35,17.15,17.3,17.35,51368421.0,9159.68
2014-10-17,17.7,17.85,17.0,17.45,17.55,51772727.0,9035.35
2014-10-20,18.0,18.45,17.5,17.65,17.65,50138660.0,8991.54
2014-10-21,17.55,18.0,17.15,17.6,17.6,45036726.0,7930.65
2014-10-22,17.85,18.0,17.4,17.65,17.6,33686068.0,5961.47
2014-10-23,17.75,17.8,17.6,17.75,17.7,6817398.0,1206.9
2014-10-27,17.9,17.9,17.0,17.15,17.15,38898037.0,6743.3
2014-10-28,17.0,17.5,16.95,17.15,17.25,30979981.0,5348.81
2014-10-29,17.3,17.9,17.25,17.85,17.85,40941277.0,7188.96
2014-10-30,18.0,19.55,18.0,19.2,19.3,83508429.0,15700.18
2014-10-31,19.55,20.95,19.25,20.45,20.5,89093169.0,18099.45
2014-11-03,20.5,23.25,20.5,22.65,22.55,101914105.0,22426.36
2014-11-05,22.75,24.35,22.2,22.5,22.5,130613114.0,30377.49
2014-11-07,22.75,23.15,21.5,22.6,22.55,88177781.0,19750.06
2014-11-10,22.6,22.8,21.35,21.45,21.5,66965397.0,14646.77
2014-11-11,21.5,21.85,20.7,21.6,21.55,78757654.0,16782.06
2014-11-12,21.85,21.85,20.9,20.9,21.05,56576494.0,12063.06
2014-11-13,20.45,20.45,19.55,19.85,19.9,69679510.0,13902.88
2014-11-14,19.7,21.25,19.7,20.8,20.95,58035770.0,11945.54
2014-11-17,20.7,21.05,20.2,20.55,20.6,40389091.0,8335.71
2014-11-18,20.8,21.15,20.35,20.5,20.55,38685348.0,8007.87
2014-11-19,20.5,21.0,19.65,19.75,19.75,47640456.0,9668.32
2014-11-20,19.8,20.1,18.75,19.15,19.0,57742629.0,11127.29
2014-11-21,19.0,19.9,19.0,19.3,19.3,44262914.0,8591.49
2014-11-24,19.45,19.85,19.0,19.8,19.7,40462703.0,7898.37
2014-11-25,19.8,19.8,17.8,18.15,18.15,75392851.0,13867.0
2014-11-26,18.1,19.25,17.85,19.0,18.95,70648446.0,13139.5
2014-11-27,19.05,19.7,18.5,19.4,19.35,75735149.0,14530.39
2014-11-28,19.4,20.0,19.15,19.5,19.5,52953990.0,10409.63
2014-12-01,19.4,19.6,18.25,18.45,18.5,61711059.0,11566.15
2014-12-02,18.3,19.0,18.3,18.65,18.6,42673051.0,7949.24
2014-12-03,18.6,19.15,18.5,18.75,18.65,37588787.0,7060.33
2014-12-04,18.85,19.15,18.2,18.45,18.45,41886237.0,7768.6
2014-12-05,18.55,19.2,18.35,18.6,18.65,52054037.0,9799.33
2014-12-08,18.7,18.85,18.0,18.1,18.1,40130816.0,7365.36
2014-12-09,18.15,18.45,17.55,17.8,17.7,49666630.0,8890.08
2014-12-10,17.75,18.3,17.7,18.25,18.1,36054624.0,6513.61
2014-12-11,18.2,18.25,17.65,17.7,17.75,34716471.0,6195.52
2014-12-12,17.75,17.9,16.6,16.7,16.75,54028401.0,9281.85
2014-12-15,16.55,17.3,16.3,16.8,16.75,63005859.0,10563.32
2014-12-16,16.6,16.6,14.35,14.9,14.9,90906794.0,13959.07
2014-12-17,14.8,15.9,13.8,15.5,15.35,92584648.0,13883.04
2014-12-18,15.65,16.1,15.65,15.95,15.85,41124279.0,6521.52
2014-12-19,16.15,16.35,15.25,15.5,15.45,47328462.0,7436.92
2014-12-22,15.35,15.8,15.35,15.55,15.6,30774345.0,4800.57
2014-12-23,15.6,15.8,15.25,15.45,15.4,34892052.0,5393.06
2014-12-24,15.4,16.65,15.2,16.1,16.1,75527904.0,12190.22
2014-12-26,16.25,17.05,16.1,16.85,16.65,37783133.0,6208.85
2014-12-29,16.9,17.3,16.4,16.45,16.7,51314382.0,8701.46
2014-12-30,16.6,16.7,15.5,15.9,15.85,52580610.0,8415.11
2014-12-31,15.9,16.85,15.75,16.65,16.6,49399856.0,8089.37
2015-01-01,16.4,17.05,16.25,16.85,16.85,36457691.0,6094.21
2015-01-02,16.85,17.75,16.85,17.4,17.4,50635119.0,8802.11
2015-01-05,17.4,18.3,17.25,18.25,18.1,60988730.0,10845.67
2015-01-06,17.9,17.9,17.0,17.1,17.1,52421797.0,9092.7
2015-01-07,17.0,17.2,15.9,16.75,16.7,64570032.0,10746.24
2015-01-08,17.4,17.55,16.8,17.2,17.25,48882704.0,8415.2
2015-01-09,17.4,17.6,16.8,16.85,16.9,41956579.0,7166.08
2015-01-12,17.1,17.45,16.85,16.95,16.95,41618860.0,7139.26
2015-01-13,17.0,17.3,16.0,16.15,16.1,57087181.0,9369.97
2015-01-14,16.1,16.3,15.45,15.55,15.6,44043696.0,6937.7
2015-01-15,16.3,17.25,16.0,16.7,16.85,90744923.0,15198.5
2015-01-16,16.75,17.5,16.35,16.95,17.0,69572475.0,11816.34
2015-01-19,17.25,17.75,16.8,16.85,16.9,72377559.0,12447.9
2015-01-20,17.0,17.1,16.55,16.8,16.85,41009864.0,6907.27
2015-01-21,16.85,17.05,16.4,16.6,16.6,37597859.0,6273.14
2015-01-22,16.5,17.15,16.5,16.75,16.75,43056847.0,7234.42
2015-01-23,17.0,17.15,16.45,16.95,16.95,54940559.0,9261.12
2015-01-27,17.0,17.1,16.6,16.75,16.8,37679757.0,6355.43
2015-01-28,16.7,17.0,16.5,16.6,16.65,47455083.0,7943.9
2015-01-29,16.6,18.0,16.5,17.85,17.85,83620080.0,14584.64
2015-01-30,18.1,19.1,17.9,18.7,18.65,111394477.0,20671.46
2015-02-02,18.75,19.7,18.6,19.25,19.3,79646950.0,15381.96
2015-02-03,19.45,19.6,18.5,18.75,18.75,71432675.0,13477.56
2015-02-04,18.9,19.9,18.35,19.15,19.25,104800281.0,20225.81
2015-02-05,19.2,19.5,16.45,16.75,17.5,73530393.0,13545.19
2015-02-06,17.0,17.55,16.45,16.75,16.85,90401844.0,15311.5
2015-02-09,16.75,16.85,15.55,15.7,15.75,71481422.0,11584.56
2015-02-10,15.6,16.4,15.3,15.65,15.6,74881369.0,11840.94
2015-02-11,15.85,16.45,15.75,16.3,16.3,52062580.0,8404.61
2015-02-12,16.45,16.8,16.25,16.7,16.65,48215535.0,7976.45
2015-02-13,16.7,17.2,16.45,16.65,16.7,51763843.0,8695.12
2015-02-16,17.15,19.0,17.15,18.5,18.5,124620921.0,22905.37
2015-02-18,18.7,18.9,18.05,18.3,18.2,48972784.0,9064.29
2015-02-19,18.45,18.55,17.3,18.15,18.15,66031294.0,11808.04
2015-02-20,18.25,18.7,18.0,18.4,18.4,49739012.0,9171.26
2015-02-23,18.6,18.75,17.4,17.55,17.65,46394024.0,8462.05
2015-02-24,17.8,18.45,17.5,18.45,18.25,65897628.0,11886.85
2015-02-25,18.45,18.6,17.85,18.1,18.05,43213058.0,7895.32
2015-02-26,18.1,18.75,17.6,18.75,18.5,72512104.0,13294.84
2015-02-27,18.5,21.95,18.25,21.5,21.65,201796813.0,41375.81
2015-02-28,22.0,22.75,19.55,20.5,20.65,188499908.0,39868.47
2015-03-02,20.75,21.45,19.05,20.3,20.2,107353543.0,21611.52
2015-03-03,20.4,21.05,19.75,19.95,20.0,62489590.0,12690.85
2015-03-04,20.75,20.95,19.5,19.65,19.65,84570577.0,17195.78
2015-03-05,19.7,19.7,18.7,19.1,19.15,49441527.0,9484.34
2015-03-09,19.0,19.7,18.55,18.75,18.75,70161659.0,13305.2
2015-03-10,18.8,19.1,18.45,18.7,18.6,41709052.0,7822.85
2015-03-11,18.9,20.0,18.7,19.9,19.8,88912368.0,17186.27
2015-03-12,20.0,20.95,19.55,20.65,20.8,93864592.0,19102.57
2015-03-13,20.85,20.95,19.2,19.5,19.45,68721967.0,13766.8
2015-03-16,19.65,19.65,19.05,19.15,19.2,32558503.0,6315.27
2015-03-17,19.3,19.9,19.2,19.8,19.65,29716138.0,5803.53
2015-03-18,19.85,20.25,19.5,19.95,19.95,43536411.0,8673.27
2015-03-19,20.2,20.4,19.15,19.3,19.3,42155305.0,8314.86
2015-03-20,19.3,19.45,17.65,18.0,17.85,79145321.0,14622.3
2015-03-23,18.1,18.2,17.25,17.25,17.35,55696415.0,9815.74
2015-03-24,17.35,17.6,16.7,16.8,16.85,72804749.0,12485.99
2015-03-25,16.85,17.1,15.35,15.8,15.7,86237332.0,13998.32
2015-03-26,15.75,16.65,15.6,16.2,16.0,67385482.0,10827.61
2015-03-27,16.45,16.7,15.45,16.4,16.35,80029741.0,12963.18
2015-03-30,16.55,16.65,15.95,16.45,16.35,59775463.0,9742.5
2015-03-31,16.55,16.7,16.1,16.15,16.15,57426677.0,9397.64
2015-04-01,16.2,16.35,15.95,16.25,16.2,39271391.0,6343.5
2015-04-06,16.35,17.75,16.2,17.55,17.55,77839184.0,13243.09
2015-04-07,17.75,17.75,16.75,17.1,17.1,72558225.0,12432.54
2015-04-08,17.2,18.4,17.05,17.6,17.65,98675435.0,17508.42
2015-04-09,17.7,18.1,17.25,17.4,17.5,46273554.0,8163.54
2015-04-10,17.6,17.95,17.4,17.55,17.6,33087602.0,5838.63
2015-04-13,17.7,18.05,17.6,17.8,17.8,27634931.0,4937.57
2015-04-15,17.8,18.0,17.3,17.4,17.5,27390225.0,4849.69
2015-04-16,17.6,17.65,16.95,17.1,17.1,30451239.0,5239.0
2015-04-17,17.15,17.25,16.8,16.9,16.85,25017907.0,4262.68
2015-04-20,16.8,17.2,16.3,16.65,16.45,44830485.0,7500.19
2015-04-21,16.6,16.8,16.3,16.4,16.4,25171649.0,4152.87
2015-04-22,16.6,16.95,16.2,16.55,16.45,34156444.0,5657.1
2015-04-23,16.7,16.8,16.25,16.4,16.35,25840596.0,4260.1
2015-04-24,16.45,16.6,15.6,15.75,15.7,45260393.0,7230.97
2015-04-27,15.8,15.85,14.75,14.9,14.9,41596643.0,6306.21
2015-04-28,14.9,15.3,14.8,15.2,15.2,32402916.0,4886.88
2015-04-29,15.2,15.45,15.05,15.1,15.1,26590319.0,4034.31
2015-04-30,15.05,15.6,14.9,15.45,15.4,41342582.0,6284.47
2015-05-04,15.7,15.85,15.45,15.6,15.55,44933369.0,7006.39
2015-05-05,15.6,15.85,15.5,15.55,15.55,30088995.0,4705.39
2015-05-06,15.5,15.7,14.05,14.3,14.2,70372187.0,10271.72
2015-05-07,14.25,14.3,13.15,13.65,13.55,60976819.0,8357.09
2015-05-08,13.8,14.65,13.7,14.35,14.4,45292321.0,6460.35
2015-05-11,14.5,14.7,14.3,14.4,14.4,21187191.0,3067.82
2015-05-12,14.4,14.45,13.75,14.0,14.0,32480881.0,4538.09
2015-05-13,14.1,14.45,13.8,14.1,14.15,34588842.0,4897.06
2015-05-14,14.05,14.4,13.9,14.35,14.3,31950605.0,4541.02
2015-05-15,14.4,14.45,13.9,14.1,14.05,25585931.0,3618.28
2015-05-18,14.15,14.35,14.05,14.2,14.2,16802215.0,2386.26
2015-05-19,14.2,14.65,14.1,14.35,14.35,26113835.0,3760.8
2015-05-20,14.4,14.5,14.05,14.2,14.1,19610879.0,2788.41
2015-05-21,14.15,14.45,14.0,14.3,14.3,21537456.0,3066.78
2015-05-22,14.4,14.5,14.0,14.15,14.1,22320938.0,3174.11
2015-05-25,14.1,14.35,14.05,14.25,14.25,17237463.0,2452.83
2015-05-26,14.25,14.35,14.05,14.1,14.15,16543554.0,2344.24
2015-05-27,14.1,14.2,13.85,14.0,14.05,24420099.0,3429.43
2015-05-28,14.1,14.2,13.9,14.1,14.0,29306119.0,4110.46
2015-05-29,14.1,14.85,14.0,14.4,14.3,54395381.0,7834.95
2015-06-01,14.1,14.35,13.85,14.0,13.95,30512036.0,4294.88
2015-06-02,14.0,14.15,13.3,13.4,13.45,41349839.0,5663.75
2015-06-03,13.45,13.55,6.75,8.5,8.65,545983562.0,47300.5
2015-06-04,9.0,9.9,8.6,9.35,9.5,262815514.0,24677.3
2015-06-05,9.4,9.55,8.35,9.0,8.95,124379858.0,11361.49
2015-06-08,9.05,9.15,8.3,8.55,8.55,69655074.0,6029.69
2015-06-09,8.2,8.25,7.3,7.9,7.9,97399416.0,7769.41
2015-06-10,8.0,8.2,7.5,7.75,7.8,88338010.0,6903.83
2015-06-11,7.95,8.05,7.05,7.25,7.15,105094884.0,7833.37
2015-06-12,7.2,7.65,7.15,7.6,7.55,64840946.0,4822.67
2015-06-15,7.5,8.0,7.45,7.7,7.65,65207252.0,5009.09
2015-06-16,7.7,7.75,7.25,7.6,7.5,48161634.0,3588.66
2015-06-17,7.6,7.95,7.5,7.6,7.65,71520689.0,5513.18
2015-06-18,7.65,7.9,7.35,7.5,7.45,58312389.0,4408.37
2015-06-19,7.65,7.75,7.45,7.7,7.6,43292057.0,3285.65
2015-06-22,7.75,8.35,7.6,8.15,8.15,90504735.0,7212.78
2015-06-23,8.15,8.3,7.85,8.1,8.05,60957387.0,4913.7
2015-06-24,8.1,8.45,7.9,7.95,8.0,66419015.0,5409.7
2015-06-25,7.95,8.25,7.8,8.1,8.1,98552856.0,7902.95
2015-06-26,8.05,8.35,7.35,8.1,8.05,98471187.0,7801.48
2015-06-29,7.8,8.05,7.4,7.95,7.95,78699594.0,6169.47
2015-06-30,7.85,8.1,7.8,7.95,7.95,45555728.0,3613.99
2015-07-01,7.95,8.25,7.9,8.15,8.15,49727907.0,4042.64
2015-07-02,8.2,8.35,7.85,7.95,7.95,58618832.0,4737.93
2015-07-03,7.9,8.1,7.8,7.9,7.9,43763187.0,3482.34
2015-07-06,7.5,8.0,7.5,7.9,7.9,53580895.0,4190.14
2015-07-07,7.9,8.15,7.85,8.05,8.0,49865192.0,3977.7
2015-07-08,7.85,8.0,7.6,7.75,7.75,64727134.0,5044.3
2015-07-09,7.75,7.9,7.6,7.75,7.75,35350749.0,2738.47
2015-07-10,7.8,7.85,7.65,7.65,7.65,25484217.0,1969.43
2015-07-13,7.7,7.85,7.65,7.8,7.8,30385437.0,2360.77
2015-07-14,7.85,7.95,7.75,7.75,7.8,27869738.0,2184.84
2015-07-15,7.85,8.05,7.8,7.85,7.85,34055191.0,2696.39
2015-07-16,7.9,7.95,7.75,7.85,7.85,18475063.0,1451.56
2015-07-17,7.9,7.95,7.65,7.7,7.7,25018465.0,1942.26
2015-07-20,7.75,7.8,7.5,7.6,7.6,24598494.0,1876.66
2015-07-21,7.65,7.65,6.6,7.05,7.0,76946482.0,5414.21
2015-07-22,7.0,7.25,6.9,7.15,7.15,32653783.0,2318.41
2015-07-23,7.15,7.2,7.0,7.0,7.0,27527326.0,1947.11
2015-07-24,7.0,7.05,6.8,6.85,6.85,23563019.0,1624.38
2015-07-27,6.8,6.9,6.6,6.75,6.65,25200131.0,1696.1
2015-07-28,6.7,6.75,6.45,6.55,6.5,33551771.0,2200.81
2015-07-29,6.55,6.55,6.1,6.35,6.25,40109110.0,2532.65
2015-07-30,6.35,7.5,6.25,7.35,7.4,113452514.0,8174.49
2015-07-31,7.45,7.9,7.4,7.55,7.6,49755965.0,3794.6
2015-08-03,7.55,8.1,7.5,7.7,7.7,77729041.0,6105.06
2015-08-04,7.7,7.75,7.3,7.4,7.45,46186308.0,3473.73
2015-08-05,7.45,8.0,7.4,7.85,7.85,88163616.0,6873.09
2015-08-06,7.85,8.25,7.55,7.85,7.85,72313239.0,5718.26
2015-08-07,7.85,8.0,7.65,7.75,7.8,49163606.0,3847.13
2015-08-10,7.8,8.25,7.75,7.95,7.95,60080711.0,4798.1
2015-08-11,7.95,7.95,7.65,7.75,7.7,32471196.0,2529.04
2015-08-12,7.65,7.65,7.1,7.15,7.2,44919918.0,3295.77
2015-08-13,7.2,7.4,6.9,7.0,7.0,59210241.0,4229.48
2015-08-14,6.95,7.55,6.55,7.4,7.35,89779447.0,6399.67
2015-08-17,7.3,7.35,6.65,7.05,7.0,58131146.0,4044.35
2015-08-18,7.1,7.25,6.8,7.1,7.1,34121544.0,2399.29
2015-08-19,7.1,7.55,7.0,7.15,7.15,67739916.0,4918.58
2015-08-20,7.1,7.1,6.65,6.85,6.85,55414067.0,3829.12
2015-08-21,6.75,6.9,6.55,6.85,6.85,39139935.0,2656.29
2015-08-24,6.7,6.7,5.9,6.0,6.0,73178597.0,4592.58
2015-08-25,6.25,6.3,5.4,6.05,5.95,121742603.0,7103.51
2015-08-26,6.1,6.15,5.75,5.95,5.95,64258086.0,3845.07
2015-08-27,6.1,6.4,6.05,6.2,6.2,66307237.0,4099.49
2015-08-28,6.35,6.45,5.9,6.1,6.05,46115018.0,2859.59
2015-08-31,6.1,6.15,5.85,6.15,6.05,38568504.0,2329.31
2015-09-01,6.05,6.1,5.7,5.85,5.8,37272861.0,2194.13
2015-09-02,5.9,6.05,5.85,6.0,5.95,31904488.0,1895.08
2015-09-03,6.0,6.25,5.85,6.15,6.1,46773510.0,2850.26
2015-09-04,6.1,6.1,5.65,5.8,5.8,40551645.0,2356.75
2015-09-07,5.85,5.9,5.65,5.7,5.7,19552502.0,1127.87
2015-09-08,5.8,6.0,5.7,5.9,5.9,25179107.0,1475.87
2015-09-09,6.1,6.1,5.95,6.0,6.0,22864236.0,1380.8
2015-09-10,5.9,6.0,5.75,5.95,5.95,21520024.0,1265.57
2015-09-11,6.0,6.15,5.9,6.0,5.95,24945649.0,1498.03
2015-09-14,6.05,6.15,5.95,6.05,6.05,25100266.0,1524.57
2015-09-15,6.05,6.15,6.0,6.0,6.0,10824996.0,656.56
2015-09-16,6.0,6.1,5.9,5.95,5.95,19036407.0,1136.73
2015-09-18,6.05,6.2,6.0,6.15,6.1,40191447.0,2454.48
2015-09-21,6.1,6.35,6.05,6.35,6.3,41823249.0,2609.21
2015-09-22,6.3,6.35,5.8,5.9,5.95,38317254.0,2329.63
2015-09-23,5.9,6.2,5.7,6.1,6.1,39257781.0,2366.15
2015-09-24,6.1,6.15,5.95,6.0,6.0,25379605.0,1535.29
2015-09-28,5.95,6.25,5.95,6.1,6.1,33841936.0,2071.12
2015-09-29,5.95,6.3,5.8,6.2,6.2,53601167.0,3266.22
2015-09-30,6.25,6.3,6.1,6.2,6.15,22127233.0,1370.94
2015-10-01,6.2,6.25,6.05,6.1,6.1,21823779.0,1340.47
2015-10-05,6.1,6.3,6.1,6.25,6.25,30754528.0,1916.39
2015-10-06,6.3,6.35,6.2,6.25,6.25,20579387.0,1291.6
2015-10-07,6.25,7.5,6.2,7.2,7.25,143704347.0,9995.91
2015-10-08,7.25,7.35,6.85,7.15,7.15,51876408.0,3705.32
2015-10-09,7.15,7.4,7.05,7.15,7.15,36549704.0,2637.08
2015-10-12,7.15,7.95,7.1,7.45,7.45,75185097.0,5644.38
2015-10-13,7.5,7.7,7.4,7.55,7.55,42378318.0,3197.01
2015-10-14,7.55,7.95,7.5,7.7,7.65,52290254.0,4042.9
2015-10-15,7.7,8.0,7.65,7.85,7.85,44380609.0,3485.23
2015-10-16,7.9,7.9,7.45,7.6,7.65,33726556.0,2581.14
2015-10-19,7.65,8.2,7.6,8.05,8.05,54967614.0,4347.65
2015-10-20,8.1,8.2,7.85,7.95,7.95,55214223.0,4453.15
2015-10-21,7.95,8.2,7.55,7.8,7.85,62177471.0,4881.39
2015-10-23,7.9,8.05,7.65,7.7,7.7,44939351.0,3517.48
2015-10-26,7.75,7.8,7.5,7.5,7.55,38895869.0,2968.01
2015-10-27,7.5,7.8,7.35,7.7,7.7,45189406.0,3444.61
2015-10-28,7.7,7.7,7.5,7.55,7.6,39394896.0,3004.29
2015-10-29,7.55,7.9,7.5,7.65,7.65,68959471.0,5315.16
2015-10-30,7.7,7.95,7.55,7.6,7.6,40942728.0,3175.94
2015-11-02,7.65,7.7,7.4,7.5,7.45,36774213.0,2774.02
2015-11-03,7.55,7.7,7.4,7.4,7.45,30598951.0,2307.0
2015-11-04,7.45,7.6,7.25,7.3,7.3,30993558.0,2298.94
2015-11-05,7.3,7.3,6.7,6.9,6.85,53265766.0,3726.83
2015-11-06,6.9,7.0,6.75,6.95,6.9,44380180.0,3057.82
2015-11-09,6.6,7.15,6.45,7.05,7.05,43144017.0,2959.07
2015-11-10,7.05,7.15,6.6,6.75,6.65,45998669.0,3141.47
2015-11-11,6.75,7.05,6.75,7.0,6.95,13943914.0,965.52
2015-11-13,6.9,6.9,6.65,6.8,6.75,21854256.0,1479.11
2015-11-16,6.7,6.95,6.65,6.9,6.85,29988176.0,2043.72
2015-11-17,6.9,7.0,6.85,6.9,6.9,22020972.0,1523.52
2015-11-18,6.85,7.35,6.8,6.95,6.95,50712584.0,3584.53
2015-11-19,7.05,7.2,7.0,7.05,7.05,15380234.0,1090.93
2015-11-20,7.1,7.3,7.05,7.05,7.1,28956450.0,2068.98
2015-11-23,7.05,7.3,7.05,7.15,7.1,19307597.0,1382.64
2015-11-24,7.15,7.25,7.05,7.15,7.1,18944758.0,1354.33
2015-11-26,7.15,7.5,7.0,7.15,7.1,100457079.0,7278.95
2015-11-27,7.2,7.25,6.9,7.0,6.95,54537440.0,3831.95
2015-11-30,7.0,7.2,6.85,7.05,7.1,65962995.0,4623.36
2015-12-01,7.15,7.45,7.1,7.25,7.25,50041880.0,3639.12
2015-12-02,7.3,7.35,7.15,7.2,7.2,21872052.0,1577.64
2015-12-03,7.2,7.3,7.1,7.15,7.15,22507349.0,1623.57
2015-12-04,7.15,7.2,6.9,7.0,7.05,19640398.0,1396.06
2015-12-07,7.1,7.1,6.95,7.0,7.0,20487510.0,1441.52
2015-12-08,7.0,7.05,6.55,6.65,6.6,31998059.0,2161.44
2015-12-09,6.7,6.75,6.4,6.5,6.45,35440813.0,2326.38
2015-12-10,6.55,6.7,6.55,6.65,6.65,28234301.0,1870.38
2015-12-11,6.55,6.55,6.25,6.3,6.3,44666697.0,2852.13
2015-12-14,6.3,6.35,6.15,6.3,6.3,24508884.0,1535.33
2015-12-15,6.3,6.45,6.25,6.35,6.4,16848042.0,1071.11
2015-12-16,6.45,6.55,6.35,6.5,6.45,21290550.0,1374.19
2015-12-17,6.55,6.6,6.4,6.55,6.55,21296667.0,1386.16
2015-12-18,6.5,6.65,6.45,6.6,6.6,19301475.0,1270.44
2015-12-21,6.6,6.8,6.6,6.8,6.75,22799430.0,1530.19
2015-12-22,6.8,6.9,6.7,6.8,6.75,19538941.0,1330.49
2015-12-23,6.85,6.9,6.75,6.8,6.8,16314120.0,1111.95
2015-12-24,6.8,6.85,6.7,6.75,6.75,12019922.0,813.55
2015-12-28,6.75,6.9,6.75,6.85,6.8,10284657.0,702.32
2015-12-29,6.85,6.85,6.6,6.65,6.65,14796401.0,993.25
2015-12-30,6.65,6.8,6.65,6.7,6.7,19120451.0,1284.72
2015-12-31,6.75,6.8,6.55,6.65,6.65,39138566.0,2612.6
2016-01-01,6.65,6.85,6.6,6.8,6.8,20423519.0,1375.09
2016-01-04,6.8,6.95,6.6,6.6,6.65,28998768.0,1955.8
2016-01-05,6.7,6.9,6.65,6.85,6.85,38704906.0,2632.24
2016-01-06,6.9,7.3,6.75,7.0,7.0,54623571.0,3851.6
2016-01-07,7.0,7.0,6.5,6.6,6.6,42865603.0,2870.92
2016-01-08,6.65,6.85,6.55,6.75,6.7,35152190.0,2351.59
2016-01-11,6.6,6.75,6.5,6.7,6.65,23861712.0,1583.18
2016-01-12,6.3,6.55,6.0,6.3,6.25,50309061.0,3183.9
2016-01-13,6.35,6.4,5.95,6.1,6.1,49446265.0,3027.46
2016-01-14,5.95,6.35,5.8,6.25,6.2,55123024.0,3341.87
2016-01-15,6.2,6.2,5.7,5.8,5.75,29072894.0,1728.63
2016-01-18,5.75,5.8,5.45,5.5,5.5,39158077.0,2182.36
2016-01-19,5.5,5.85,5.45,5.7,5.75,27847299.0,1576.38
2016-01-20,5.6,5.65,5.45,5.55,5.55,23380667.0,1296.93
2016-01-21,5.6,5.7,5.4,5.6,5.55,30127813.0,1667.42
2016-01-22,5.65,5.8,5.6,5.7,5.65,26073742.0,1482.19
2016-01-25,5.75,5.85,5.65,5.75,5.75,18627407.0,1071.55
2016-01-27,5.75,5.85,5.65,5.8,5.75,22823228.0,1313.97
2016-01-28,5.75,5.95,5.6,5.65,5.65,74049352.0,4231.02
2016-01-29,5.65,5.75,5.5,5.65,5.65,30609611.0,1720.49
2016-02-01,5.75,5.75,5.55,5.6,5.6,16751380.0,942.51
2016-02-02,5.6,5.65,5.45,5.45,5.5,29658659.0,1640.77
2016-02-03,5.45,5.45,4.8,5.05,5.0,43892300.0,2224.26
2016-02-04,5.15,5.2,4.85,5.0,4.95,29833125.0,1496.58
2016-02-05,5.0,5.1,4.85,5.1,5.05,16792425.0,838.32
2016-02-08,5.05,5.3,5.0,5.15,5.1,29419705.0,1511.64
2016-02-09,5.0,5.05,4.9,5.05,5.0,14125733.0,707.53
2016-02-10,4.95,5.0,4.8,4.9,4.9,31538639.0,1537.55
2016-02-11,4.85,4.95,3.45,4.15,4.1,118931190.0,4840.15
2016-02-12,4.2,4.25,3.6,4.0,4.0,143382732.0,5496.67
2016-02-15,4.15,4.35,4.05,4.25,4.25,34858790.0,1487.59
2016-02-16,4.3,4.3,4.0,4.05,4.05,37332058.0,1534.24
2016-02-17,4.05,4.1,3.85,4.05,4.0,32765474.0,1303.29
2016-02-18,4.05,4.15,3.95,4.0,4.0,19244908.0,777.3
2016-02-19,4.05,4.05,3.8,3.85,3.85,37267872.0,1453.62
2016-02-22,3.85,3.95,3.8,3.9,3.9,31740218.0,1230.54
2016-02-23,3.9,4.0,3.8,3.95,3.9,26396386.0,1031.05
2016-02-24,3.9,4.15,3.85,4.05,4.05,29797813.0,1184.36
2016-02-25,4.1,4.15,3.75,3.85,3.9,120829895.0,4744.5
2016-02-26,3.8,3.9,3.75,3.9,3.85,24548403.0,944.34
2016-02-29,3.9,4.05,3.85,3.9,3.9,29840004.0,1175.94
2016-03-01,3.95,4.2,3.9,4.15,4.15,33798776.0,1362.48
2016-03-02,4.2,4.6,4.15,4.55,4.55,56675209.0,2505.57
2016-03-03,4.6,4.65,4.45,4.6,4.6,28265189.0,1294.45
2016-03-04,4.6,4.95,4.55,4.85,4.8,35725221.0,1690.42
2016-03-08,4.9,5.75,4.85,5.5,5.5,120174924.0,6425.75
2016-03-09,5.5,5.95,5.2,5.7,5.65,94313923.0,5297.4
2016-03-10,5.7,5.8,5.5,5.5,5.6,49023668.0,2757.93
2016-03-11,5.55,5.85,5.35,5.5,5.45,65691537.0,3659.14
2016-03-14,5.55,5.65,5.15,5.3,5.3,59405728.0,3182.72
2016-03-15,5.35,5.4,5.2,5.25,5.3,29427507.0,1562.84
2016-03-16,5.25,5.35,5.05,5.25,5.2,35806511.0,1859.99
2016-03-17,5.25,5.35,4.95,5.0,5.05,39699448.0,2045.86
2016-03-18,5.05,5.15,4.9,5.1,5.05,37386322.0,1887.03
2016-03-21,5.1,5.3,5.05,5.2,5.15,24739008.0,1277.02
2016-03-22,5.2,5.3,5.1,5.25,5.25,28103293.0,1464.12
2016-03-23,5.2,5.3,5.1,5.15,5.15,26265606.0,1364.96
2016-03-28,5.1,5.15,4.85,4.95,4.95,43187082.0,2162.49
2016-03-29,4.9,5.0,4.8,4.8,4.85,42416527.0,2076.2
2016-03-30,4.9,5.1,4.85,5.05,5.05,41262338.0,2059.04
2016-03-31,5.05,5.1,4.9,4.95,4.95,63859797.0,3180.77
2016-04-01,4.95,5.35,4.9,5.3,5.25,67318222.0,3499.91
2016-04-04,5.35,5.4,5.15,5.15,5.15,30469247.0,1595.89
2016-04-05,5.1,5.15,4.9,4.95,4.95,29540967.0,1484.05
2016-04-06,4.95,5.05,4.85,5.0,5.0,18449407.0,915.92
2016-04-07,5.05,5.1,4.95,4.95,4.95,20407936.0,1026.11
2016-04-08,4.95,5.05,4.9,4.95,4.95,15275755.0,759.62
2016-04-11,5.0,5.05,4.95,5.05,5.0,18964865.0,948.66
2016-04-12,5.05,5.1,4.95,5.05,5.0,11587799.0,581.02
2016-04-13,5.05,5.25,5.0,5.1,5.1,51315488.0,2627.08
2016-04-18,5.1,5.1,5.0,5.1,5.1,18182850.0,918.91
2016-04-20,5.1,5.25,5.1,5.15,5.15,21455099.0,1104.95
2016-04-21,5.1,5.2,5.1,5.1,5.1,13301688.0,685.06
2016-04-22,5.1,5.15,5.05,5.05,5.05,13901574.0,708.01
2016-04-25,5.05,5.1,4.95,4.95,4.95,19126940.0,959.35
2016-04-26,4.95,5.1,4.85,5.05,5.05,28061531.0,1392.31
2016-04-27,5.05,5.05,4.9,5.0,4.95,22234527.0,1108.63
2016-04-28,4.95,5.05,4.8,4.9,4.9,55175646.0,2725.52
2016-04-29,4.9,4.9,4.6,4.8,4.75,29128954.0,1377.62
2016-05-02,4.7,4.85,4.7,4.75,4.75,14603146.0,694.11
2016-05-03,4.75,5.0,4.75,4.85,4.85,23501110.0,1148.95
2016-05-04,4.85,4.85,4.45,4.5,4.55,37556992.0,1737.6
2016-05-05,4.55,4.7,4.45,4.55,4.5,30032442.0,1363.82
2016-05-06,4.5,4.55,4.4,4.45,4.5,18080740.0,809.87
2016-05-09,4.5,4.6,4.45,4.55,4.55,10026153.0,453.23
2016-05-10,4.55,4.55,4.45,4.45,4.45,8575601.0,385.1
2016-05-11,4.4,4.45,3.95,4.05,4.1,85591591.0,3577.24
2016-05-12,4.1,4.2,4.05,4.15,4.15,11237891.0,465.32
2016-05-13,4.1,4.1,4.0,4.05,4.05,13133830.0,530.82
2016-05-16,4.05,4.05,3.8,4.0,4.0,18330188.0,722.49
2016-05-17,4.05,4.2,3.85,4.0,4.05,38138458.0,1531.86
2016-05-18,4.0,4.15,3.95,4.15,4.1,19875526.0,801.91
2016-05-19,4.05,4.1,3.85,3.95,3.95,47275597.0,1881.98
2016-05-20,3.95,4.05,3.9,3.95,3.95,12197464.0,484.81
2016-05-23,4.0,4.05,3.9,4.0,3.95,15523390.0,615.18
2016-05-24,3.95,4.0,3.65,3.75,3.75,29997379.0,1147.69
2016-05-25,3.85,3.9,3.75,3.85,3.85,17669411.0,677.74
2016-05-26,3.85,4.05,3.75,4.0,3.95,52812145.0,2061.65
2016-05-27,4.0,4.1,3.95,4.05,4.05,17658355.0,711.04
2016-05-30,4.05,4.1,3.85,4.05,4.0,10366060.0,410.47
2016-05-31,3.95,4.0,3.8,3.9,3.9,20353587.0,791.31
2016-06-01,3.9,4.1,3.85,3.95,4.0,25779104.0,1028.94
2016-06-02,3.95,4.0,3.85,3.95,3.95,9150115.0,359.09
2016-06-03,3.9,4.0,3.85,3.9,3.9,9398497.0,367.16
2016-06-06,3.9,3.9,3.8,3.85,3.85,11135282.0,428.43
2016-06-07,3.85,3.95,3.8,3.9,3.85,9524316.0,367.44
2016-06-08,3.9,3.9,3.8,3.85,3.85,5871705.0,227.05
2016-06-09,3.9,3.95,3.85,3.9,3.9,6513022.0,253.72
2016-06-10,3.9,4.15,3.85,4.1,4.05,30632546.0,1237.6
2016-06-13,4.05,5.0,4.0,4.75,4.75,88506649.0,4104.84
2016-06-14,4.8,5.5,4.8,5.15,5.15,121917759.0,6274.08
2016-06-15,5.15,5.2,4.75,4.95,4.9,52192240.0,2581.03
2016-06-16,4.9,5.15,4.7,4.9,4.9,62886319.0,3112.85
2016-06-17,5.0,5.85,4.9,5.65,5.65,129424850.0,7069.4
2016-06-20,5.6,6.2,5.55,6.0,6.0,105591061.0,6317.45
2016-06-21,6.05,6.3,6.0,6.0,6.05,62564782.0,3819.83
2016-06-22,6.05,6.2,5.9,6.0,6.0,48814209.0,2951.2
2016-06-23,6.0,6.05,5.65,5.8,5.8,47326537.0,2748.59
2016-06-24,5.5,5.55,5.05,5.4,5.45,98543171.0,5212.16
2016-06-27,5.4,5.75,5.35,5.65,5.65,62156930.0,3465.77
2016-06-28,5.7,5.9,5.65,5.9,5.85,38412485.0,2235.47
2016-06-29,5.95,6.4,5.9,6.35,6.3,100078852.0,6282.36
2016-06-30,6.4,6.55,6.3,6.45,6.4,94210162.0,6041.93
2016-07-01,6.5,6.55,6.15,6.2,6.2,63971373.0,4046.24
2016-07-04,6.2,6.5,6.2,6.4,6.4,39717494.0,2532.91
2016-07-05,6.4,7.25,6.35,7.0,6.95,109830042.0,7511.31
2016-07-07,7.05,7.3,6.95,7.1,7.1,66993759.0,4773.9
2016-07-08,7.1,7.2,6.7,6.8,6.85,59334642.0,4079.12
2016-07-11,7.0,7.1,6.9,7.0,6.95,29829183.0,2086.99
2016-07-12,7.05,8.05,7.05,7.95,7.9,142464708.0,10834.49
2016-07-13,8.0,8.05,7.2,7.65,7.75,115892825.0,8900.94
2016-07-14,7.7,8.3,7.6,8.15,8.2,114588048.0,9299.32
2016-07-15,8.25,8.25,7.8,8.1,8.1,91312251.0,7342.93
2016-07-18,8.1,9.05,8.05,8.1,8.15,201326543.0,17258.14
2016-07-19,8.2,8.6,8.0,8.25,8.2,108696218.0,8981.02
2016-07-20,8.3,8.45,8.2,8.4,8.35,49957610.0,4147.79
2016-07-21,8.45,8.65,7.95,8.0,8.05,95118172.0,7915.42
2016-07-22,8.0,8.3,7.9,7.95,7.95,65546584.0,5278.22
2016-07-25,8.0,8.1,7.5,7.6,7.65,74602903.0,5866.62
2016-07-26,7.6,7.65,6.85,7.0,7.0,146441136.0,10486.33
2016-07-27,7.0,7.3,6.95,7.25,7.25,85128476.0,6082.97
2016-07-28,7.3,7.45,6.95,7.15,7.15,117159509.0,8413.52
2016-07-29,7.25,7.35,7.1,7.2,7.2,29353254.0,2129.93
2016-08-01,7.25,7.45,7.15,7.2,7.25,30186575.0,2203.99
2016-08-02,7.35,7.45,7.0,7.05,7.1,29203396.0,2107.36
2016-08-03,7.05,7.15,6.75,6.85,6.9,27244510.0,1904.51
2016-08-04,6.9,7.15,6.9,7.0,6.95,18204162.0,1273.74
2016-08-05,7.05,7.2,7.0,7.05,7.1,19525958.0,1388.23
2016-08-08,7.15,7.3,7.0,7.05,7.05,11273035.0,805.88
2016-08-09,7.1,7.1,6.7,6.85,6.8,17693405.0,1219.94
2016-08-10,6.85,6.85,6.25,6.25,6.3,28511515.0,1839.37
2016-08-11,6.25,6.35,5.95,6.3,6.3,26998314.0,1675.26
2016-08-12,6.35,6.5,6.1,6.1,6.15,15777463.0,986.17
2016-08-16,6.05,6.1,4.95,5.15,5.1,81962598.0,4279.51
2016-08-17,5.05,5.6,4.75,5.25,5.2,69387669.0,3633.67
2016-08-18,5.25,5.5,5.2,5.25,5.25,32326223.0,1714.06
2016-08-19,5.3,5.4,5.1,5.2,5.15,21526424.0,1128.39
2016-08-22,5.2,5.25,5.1,5.1,5.1,13003648.0,668.19
2016-08-23,5.1,5.25,5.0,5.1,5.1,21497313.0,1094.27
2016-08-24,5.0,5.2,5.0,5.15,5.1,15855398.0,812.43
2016-08-25,5.15,5.4,5.15,5.15,5.15,27296476.0,1432.01
2016-08-26,5.25,5.3,5.05,5.15,5.1,18833410.0,970.77
2016-08-29,5.1,5.3,4.9,5.3,5.2,27135769.0,1388.79
2016-08-30,5.35,5.4,5.15,5.2,5.2,18943851.0,989.33
2016-08-31,5.25,5.5,5.15,5.35,5.4,29869197.0,1595.96
2016-09-01,5.35,5.4,5.2,5.25,5.25,14546838.0,770.2
2016-09-02,5.25,5.35,5.2,5.3,5.25,10728839.0,564.51
2016-09-06,5.4,5.45,5.3,5.4,5.4,11899538.0,640.53
2016-09-07,5.4,6.45,5.35,6.45,6.35,135049658.0,8365.45
2016-09-08,6.5,6.55,6.1,6.3,6.25,57573785.0,3638.04
2016-09-09,6.25,6.4,6.1,6.15,6.2,26855475.0,1669.66
2016-09-12,5.95,6.15,5.75,5.95,5.9,21864304.0,1301.48
2016-09-14,5.8,6.35,5.8,6.15,6.05,23541876.0,1441.84
2016-09-15,6.2,6.7,6.2,6.4,6.45,44460014.0,2853.87
2016-09-16,6.5,6.65,6.15,6.5,6.45,38126718.0,2458.94
2016-09-19,6.6,6.7,6.35,6.45,6.4,18390682.0,1189.14
2016-09-20,6.4,6.45,6.2,6.3,6.25,14723303.0,930.64
2016-09-21,6.25,6.4,6.15,6.2,6.2,15232692.0,954.93
2016-09-22,6.35,6.45,6.2,6.2,6.2,10436718.0,654.66
2016-09-23,6.25,6.3,6.1,6.1,6.1,16346415.0,1010.59
2016-09-26,6.1,6.1,5.9,6.0,5.95,11129576.0,666.29
2016-09-27,6.0,6.1,5.9,5.95,5.95,12146197.0,726.47
2016-09-28,5.9,6.2,5.9,6.15,6.1,13748050.0,829.39
2016-09-29,6.2,6.45,5.5,5.8,5.75,44073510.0,2673.05
2016-09-30,5.75,6.0,5.65,5.95,5.9,21315596.0,1243.62
2016-10-03,6.0,6.15,5.95,6.1,6.05,14760556.0,894.09
2016-10-04,6.05,6.15,6.0,6.1,6.1,17257100.0,1050.98
2016-10-05,6.15,6.2,5.95,6.0,6.0,12472161.0,756.9
2016-10-06,6.0,6.1,5.9,6.0,5.95,12667415.0,760.57
2016-10-07,6.05,6.05,5.9,5.95,5.9,5473393.0,324.7
2016-10-10,5.95,6.0,5.75,5.85,5.8,11041494.0,651.58
2016-10-13,5.75,5.8,5.6,5.7,5.7,13878070.0,790.52
2016-10-14,5.8,5.9,5.7,5.75,5.75,11460941.0,663.13
2016-10-17,5.75,5.8,5.3,5.55,5.55,21414267.0,1193.21
2016-10-18,5.6,5.8,5.6,5.7,5.7,11005696.0,629.42
2016-10-19,5.8,5.8,5.65,5.7,5.7,11131216.0,635.92
2016-10-20,5.7,6.25,5.7,5.95,6.0,34150293.0,2048.95
2016-10-21,6.0,6.4,5.95,6.3,6.35,42199328.0,2626.24
2016-10-24,6.35,6.45,6.2,6.2,6.25,17966089.0,1134.74
2016-10-25,6.2,6.3,6.05,6.15,6.1,11311078.0,696.58
2016-10-26,6.05,6.15,6.0,6.05,6.05,7335306.0,446.98
2016-10-27,6.05,6.1,5.95,6.0,6.0,10018301.0,601.92
2016-10-28,6.0,6.1,5.9,6.0,6.0,10639024.0,638.79
2016-10-30,6.0,6.1,6.0,6.1,6.1,2950937.0,178.96
2016-11-01,6.1,6.2,6.0,6.0,6.0,7031509.0,426.19
2016-11-02,5.9,5.95,5.75,5.8,5.8,18524284.0,1083.56
2016-11-03,5.75,5.9,5.5,5.6,5.55,17994645.0,1028.11
2016-11-04,5.6,5.65,5.45,5.55,5.5,15100955.0,836.46
2016-11-07,5.65,5.8,5.6,5.65,5.65,10777155.0,613.65
2016-11-08,5.7,5.75,5.6,5.75,5.7,8073110.0,458.04
2016-11-09,5.0,5.4,4.6,5.25,5.3,46324057.0,2335.54
2016-11-10,5.35,5.6,5.35,5.5,5.4,14373121.0,788.71
2016-11-11,5.3,5.35,5.15,5.2,5.2,11136449.0,582.42
2016-11-15,5.2,5.25,4.75,4.9,4.85,23097699.0,1134.05
2016-11-16,4.95,5.0,4.65,4.7,4.75,14542074.0,701.03
2016-11-17,4.7,4.8,4.35,4.55,4.55,14938624.0,693.56
2016-11-18,4.5,4.65,4.4,4.65,4.6,12832959.0,578.72
2016-11-21,4.65,4.65,4.2,4.25,4.25,15629907.0,679.8
2016-11-22,4.3,4.35,4.1,4.2,4.2,15070099.0,633.75
2016-11-23,4.3,4.4,4.2,4.4,4.35,9447020.0,407.63
2016-11-24,4.3,4.6,4.25,4.55,4.55,14766681.0,661.7
2016-11-25,4.65,5.0,4.55,4.95,4.9,17812200.0,854.7
2016-11-28,4.8,5.05,4.75,4.95,4.9,12736843.0,624.46
2016-11-29,4.95,5.0,4.9,4.95,4.95,9275666.0,460.32
2016-11-30,5.0,5.15,4.95,4.95,5.0,14219844.0,718.13
2016-12-01,5.0,5.15,4.95,5.0,5.0,12844146.0,646.67
2016-12-02,4.95,5.0,4.7,4.75,4.75,13414408.0,648.43
2016-12-05,4.8,4.85,4.5,4.6,4.55,21706191.0,995.34
2016-12-06,4.6,4.75,4.6,4.7,4.7,8402164.0,392.87
2016-12-07,4.7,4.95,4.6,4.75,4.7,24336181.0,1170.63
2016-12-08,4.8,4.85,4.75,4.8,4.8,5464304.0,262.42
2016-12-09,4.85,4.9,4.75,4.8,4.8,5665850.0,272.6
2016-12-12,4.75,4.8,4.65,4.8,4.75,6607605.0,312.96
2016-12-13,4.8,4.85,4.7,4.7,4.75,7726282.0,368.03
2016-12-14,4.75,4.8,4.65,4.7,4.7,4985081.0,235.79
2016-12-15,4.6,4.75,4.45,4.55,4.5,25862244.0,1181.02
2016-12-16,4.55,4.65,4.3,4.45,4.4,22316465.0,991.32
2016-12-19,4.45,4.45,4.35,4.4,4.4,7689377.0,337.66
2016-12-20,4.45,4.5,4.05,4.3,4.2,21054218.0,892.44
2016-12-21,4.3,4.35,4.2,4.35,4.3,9957743.0,427.28
2016-12-22,4.25,4.3,4.05,4.15,4.15,20756092.0,860.94
2016-12-23,4.15,4.2,3.95,4.05,4.05,23916348.0,966.11
2016-12-26,4.0,4.15,3.95,4.1,4.05,8520855.0,345.19
2016-12-27,4.1,4.1,3.9,4.0,3.95,19733061.0,784.25
2016-12-28,4.0,4.1,3.95,4.05,4.05,11061134.0,446.82
2016-12-29,4.05,4.1,3.85,3.9,3.9,22161112.0,875.8
2016-12-30,3.95,4.05,3.9,4.0,4.0,11792409.0,472.43
